fen,score_cp
"rnb1kb1r/ppp1p1pp/5n2/3pPp2/7q/2N5/PPPP1PPP/R1BQKBNR w KQkq - 0 1",436
"rnb1kb1r/ppp1p1pp/5n2/3pPp2/7q/2N5/PPPP1PPP/R1BQKBNR w KQkq - 0 1",436
"r3k2r/p1ppqpb1/bn2pnp1/3PN3/1p2P3/2N2Q1p/PPPBBPPP/R3K2R b Kkq - 0 1",328
"r3k2r/p1ppqpb1/bn2pnp1/3PN3/1p2P3/2N2Q1p/PPPBBPPP/R3K2R b Kkq - 0 1",328
"r3k2r/p1ppqpb1/bn2pnp1/3PN3/1p2P3/2N2Q1p/PPPBBPPP/R3K2R w Kkq - 0 1",0
"r3k2r/p1ppqpb1/bn2pnp1/3PN3/1p2P3/2N2Q1p/PPPBBPPP/R3K2R w Kkq - 0 1",0
"r2q1rk1/2p1bppp/p1n1bn2/1p2p3/4P3/2P2N2/PPBN1PPP/R1BQR1K1 w - - 1 12",108
"r2q1rk1/2p1bppp/p1n1bn2/1p2p3/4P3/2P2N2/PPBN1PPP/R1BQR1K1 w - - 1 12",108
"r2q1rk1/2p1bppp/p1n1bn2/1p2p3/4P3/2P2N2/PPBN1PPP/R1BQR1K1 b - - 1 12",0
"r2q1rk1/2p1bppp/p1n1bn2/1p2p3/4P3/2P2N2/PPBN1PPP/R1BQR1K1 b - - 1 12",0
"r1bqrbk1/2p2pp1/p1np1n1p/1p2p3/4P3/PBNP1N1P/1PPB1PP1/R2Q1RK1 w - - 3 12",176
"r1bqrbk1/2p2pp1/p1np1n1p/1p2p3/4P3/PBNP1N1P/1PPB1PP1/R2Q1RK1 w - - 3 12",176
"rnbqk1nr/pppp1ppp/8/4p3/1b2P3/5N2/PPPP1PPP/RNBQKB1R b KQkq - 0 1",0
"rnbqk1nr/pppp1ppp/8/4p3/1b1PP3/2P2N2/PP3PPP/RNBQKB1R b KQkq - 0 1",0
"rnbqk1nr/pppp1ppp/8/4Q3/1b1PP3/2P2N2/PP3PPP/RNB1KB1R b KQkq - 0 1",0
"rnbqk1nr/pppp1ppp/8/4p3/1b1PP3/2P2N2/PP3PPP/RNBQKB1R b KQkq - 0 1",0
"rnbqkbnr/pppppppp/8/8/8/8/PPPPPPPP/RNBQKBNR w KQkq - 0 1",0
"rnbqkbnr/pppppppp/8/8/8/8/PPPPPPPP/RNBQKBNR w KQkq - 0 1",0
"r1b1kbnr/pppppppp/8/6n1/1q1P4/8/PPPBPPPP/RN1QKBNR w KQkq - 0 1",0
"r1bqkb1r/pppp1ppp/2n2n2/4p3/4P3/6P1/PPPP1PBP/RNBQK1NR w KQkq - 0 1",0
"r1bqkb1r/ppp2ppp/2B2n2/4p3/8/2N3P1/PPPP1P1P/R1BQK1NR b KQkq - 0 1",0
"r1bqkb1r/ppp2ppp/2B2n2/4p3/8/2N3P1/PPPP1P1P/R1BQK1NR b KQkq - 0 1",0
"rnb1kb1r/ppp1p1pp/5n2/3pPp2/7q/2N5/PPPP1PPP/R1BQKBNR w KQkq - 0 1",436
"rnb1kb1r/ppp1p1pp/5n2/3pPp2/7q/2N5/PPPP1PPP/R1BQKBNR w KQkq - 0 1",436
"r3k2r/8/8/4q3/8/8/8/R3K2R w KQkq - 0 1",0
"r3kbnr/ppNp1ppp/4b3/1B1Pp2q/4nP2/4P1P1/PPP4P/R1BQK1NR b kq - 0 1",0
"rnbqkb1r/p1P1pppp/1p6/3n4/8/8/PPPP1PPP/RNBQKBNR b KQkq - 0 1",0
"rnbqkb1r/p1P1pppp/1p6/3n4/8/8/PPPP1PPP/RNBQKBNR w KQkq - 0 1",1331
"rnbRkb1r/p3pppp/1p6/3n4/8/8/PPPP1PPP/RNBQKBNR b KQkq - 0 1",0
"rnbqkbnr/pppp2pp/5p2/4p2Q/4P3/8/PPPP1PPP/RNB1KBNR b KQkq - 0 1",0
"rnb1kb1r/ppp1p1pp/5n2/3pPp2/7q/2N5/PPPP1PPP/R1BQKBNR w KQkq - 0 1",436
"r1bqk2r/pppp1ppp/2n2n2/4p3/2b1P3/5N2/PPPP1PPP/RNBQK2R b KQkq - 0 1",449
"1R6/1P4k1/5p2/1r3K2/8/7P/6P1/8 w - - 5 55",0
"r1bqrbk1/2p2pp1/p1np1n1p/1p2p3/4P3/PBNP1N1P/1PPB1PP1/R2Q1RK1 w - - 3 12",176
"r1bqrbk1/2p2pp1/p1np1n1p/1p2p3/4P3/PBNP1N1P/1PPB1PP1/R2Q1RK1 b - - 3 12",0
"r1bqk2r/pp3ppp/2n2n2/1B2p3/8/2bP1N2/PPP2PPP/R1BQK2R w KQkq - 0 1",0
"r2qk2r/pp3ppp/2n2n2/1B2pb2/8/B1PP1N2/P1P2PPP/R2QK2R b KQkq - 0 1",0
"r2qk2r/pp3ppp/2B2n2/4pb2/8/B1PP1N2/P1P2PPP/R2QK2R b KQkq - 0 1",0
"r2qk2r/pp3ppp/2n2n2/1B2pb2/8/B1PP1N2/P1P2PPP/R2QK2R w KQkq - 0 1",222
"r2qk2r/pp3ppp/2n2n2/1B2pb2/8/B1PP1N2/P1P2PPP/R2QK2R w Qkq - 0 1",222
"r2q3r/ppNk2pp/2n1Qpn1/1B6/8/2PP4/P1P2PPP/R1B1K2R b KQha - 0 1",0
"r2q3r/pp1k2pp/1Bn1Qpn1/3N4/8/2PP4/P1P2PPP/R1B1K2R b KQha - 0 1",0
"8/8/kQ6/8/8/8/8/3K4 b - - 0 1",0
"8/1Q6/k7/8/8/8/8/3K4 b - - 0 1",0
"8/1Q6/k1K5/8/8/8/8/8 b - - 0 1",0
"8/8/k7/1P6/8/6K1/8/RQ6 b - - 0 1",0
"8/1p6/k7/1P6/8/6K1/8/RQ6 b - - 0 1",0
"rnb1kb1r/ppp1p1pp/5n2/3pPp2/7q/2N5/PPPP1PPP/R1BQKBNR w KQkq - 0 1",436
"r1bqk2r/pppp1ppp/2n2n2/4p3/2b1P3/5N2/PPPP1PPP/RNBQK2R b KQkq - 0 1",449
"rnb1kb1r/ppp1p1pp/5n2/3pPp2/7q/2N5/PPPP1PPP/R1BQKBNR w KQkq - 0 1",436
"r1bqrbk1/2p2pp1/p1np1n1p/1p2p3/4P3/PBNP1N1P/1PPB1PP1/R2Q1RK1 w - - 3 12",176
"r1bqrbk1/2p2pp1/p1np1n1p/1p2p3/4P3/PBNP1N1P/1PPB1PP1/R2Q1RK1 w - - 3 12",176
"r2qk2r/pp3ppp/2n2n2/1B2Q3/8/B1PP1N2/P1P2PPP/R3K2R b KQkq - 0 1",0
"r2qk2r/pp3ppp/2n2n2/1B6/4Q3/B1PP1N2/P1P2PPP/R3K2R b KQkq - 0 1",0
"r2qk2r/pp3ppp/2n5/1B4n1/4Q3/B1PP1N2/P1P2PPP/R3K2R b KQkq - 0 1",0
"r2qk2r/pp4pp/2n2pn1/1B5B/4Q3/2PP1N2/P1P2PPP/R3K2R b KQkq - 0 1",0
"rnb1kb1r/ppp1p1pp/5n2/3pPp2/7q/2N5/PPPP1PPP/R1BQKBNR w KQkq - 0 1",436
"r1bqk2r/pppp1ppp/2n2n2/4p3/2b1P3/5N2/PPPP1PPP/RNBQK2R w KQkq - 0 1",0
"r1bqk2r/pppp1ppp/2n2n2/4p3/2b1P3/5N2/PPPP1PPP/RNBQK2R w KQkq - 0 1",0
"r1bqk2r/pppp1ppp/2n2n2/4p3/2b1P3/5N2/PPPP1PPP/RNBQK2R w KQkq - 0 1",0
"r1bqk2r/pppp1ppp/2n2n2/4p3/2b1P3/5N2/PPPP1PPP/RNBQK2R w KQkq - 0 1",0
"r1bqk2r/pppp1ppp/2n2n2/4p3/2b1P3/5N2/PPPP1PPP/RNBQK2R w KQkq - 0 1",0
"r1bqk2r/pppp1ppp/2n2n2/4p3/2b1P3/5N2/PPPP1PPP/RNBQK2R w KQkq - 0 1",0
"r1bqk2r/pppp1ppp/2n2n2/4p3/2b1P3/5N2/PPPP1PPP/RNBQK2R w KQkq - 0 1",0
"r1bqk2r/pppp1ppp/2n2n2/4p3/2b1P3/5N2/PPPP1PPP/RNBQK2R w KQkq - 0 1",0
"r1bqk2r/pppp1ppp/2n2n2/4p3/2b1P3/5N2/PPPP1PPP/RNBQK2R b KQkq - 0 1",449
"r1bqk2r/pppp1ppp/2n2n2/4p3/2b1P3/5N2/PPPP1PPP/RNBQK2R b KQkq - 0 1",449
"r1bqk2r/pppp1ppp/2n2n2/4p3/2b1P3/5N2/PPPP1PPP/RNBQK2R b KQkq - 0 1",449
"r1bqk2r/pppp1ppp/2n2n2/4p3/2b1P3/5N2/PPPP1PPP/RNBQK2R b KQkq - 0 1",449
"r1bqk2r/pppp1ppp/2n2n2/4p3/2b1P3/5N2/PPPP1PPP/RNBQK2R b KQkq - 0 1",449
"r1bqk2r/pppp1ppp/2n2n2/4p3/2b1P3/5N2/PPPP1PPP/RNBQK2R b KQkq - 0 1",449
"r1bqk2r/pppp1ppp/2n2n2/4p3/2b1P3/5N2/PPPP1PPP/RNBQK2R b KQkq - 0 1",449
"r1bqk2r/pppp1ppp/2n2n2/4p3/2b1P3/5N2/PPPP1PPP/RNBQK2R b KQkq - 0 1",449
"rnb1kb1r/ppp1p1pp/5n2/3pPp2/7q/2N5/PPPP1PPP/R1BQKBNR w KQkq d6 0 1",436
"rnb1kb1r/ppp1p1pp/5n2/3pPp2/7q/2N5/PPPP1PPP/R1BQKBNR w KQkq d6 0 1",436
"rnbqkbnr/ppp1pppp/8/1B1P4/8/8/PPPP1PPP/RNBQK1NR b KQkq - 0 1",0
"rnbqkbnr/ppp1pppp/8/1B1P4/8/8/PPPP1PPP/RNBQK1NR b KQkq - 0 1",0
"rnbqkbnr/ppp1pppp/8/1B1P4/8/8/PPPP1PPP/RNBQK1NR b KQkq - 0 1",0
"rnbqkbnr/ppp1pppp/8/1B1P4/8/8/PPPP1PPP/RNBQK1NR b KQkq - 0 1",0
"rnbqkbnr/ppp1pppp/8/1B1P4/8/8/PPPP1PPP/RNBQK1NR b KQkq - 0 1",0
"rnbqkbnr/ppp1pppp/8/1B1P4/8/8/PPPP1PPP/RNBQK1NR b KQkq - 0 1",0
"rnbqkbnr/ppp1pppp/8/1B1P4/8/8/PPPP1PPP/RNBQK1NR b KQkq - 0 1",0
"rnbq1bnr/ppp1kppp/4p3/3P4/1B6/8/PPPP1PPP/RNBQK1NR b KQha - 0 1",0
"rnbq1bnr/ppp1kppp/4p3/1B1P4/8/8/PPPP1PPP/RNBQK1NR w KQ - 0 1",120
"r1bqk2r/pppp1ppp/2n2n2/4p3/2b1P3/5N2/PPPP1PPP/RNBQK2R w KQkq - 0 1",0
"r1bqk2r/pppp1ppp/2n2n2/4p3/2b1P3/5N2/PPPP1PPP/RNBQK2R w KQkq - 0 1",0
"r1bqk2r/pppp1ppp/2n2n2/4p3/2b1P3/5N2/PPPP1PPP/RNBQK2R w KQkq - 0 1",0
"r1bqk2r/pppp1ppp/2n2n2/4p3/2b1P3/5N2/PPPP1PPP/RNBQK2R w KQkq - 0 1",0
"r1bqk2r/pppp1ppp/2n2n2/4p3/2b1P3/5N2/PPPP1PPP/RNBQK2R w KQkq - 0 1",0
"r1bqk2r/pppp1ppp/2n2n2/4p3/2b1P3/5N2/PPPP1PPP/RNBQK2R w KQkq - 0 1",0
"r1bqk2r/pppp1ppp/2n2n2/4p3/2b1P3/5N2/PPPP1PPP/RNBQK2R w KQkq - 0 1",0
"r1bqk2r/pppp1ppp/2n2n2/4p3/2b1P3/5N2/PPPP1PPP/RNBQK2R w KQkq - 0 1",0
"r1bqk2r/pppp1ppp/2n2n2/4p3/2b1P3/5N2/PPPP1PPP/RNBQK2R b KQkq - 0 1",449
"r1bqk2r/pppp1ppp/2n2n2/4p3/2b1P3/5N2/PPPP1PPP/RNBQK2R b KQkq - 0 1",449
"r1bqk2r/pppp1ppp/2n2n2/4p3/2b1P3/5N2/PPPP1PPP/RNBQK2R b KQkq - 0 1",449
"r1bqk2r/pppp1ppp/2n2n2/4p3/2b1P3/5N2/PPPP1PPP/RNBQK2R b KQkq - 0 1",449
"r1bqk2r/pppp1ppp/2n2n2/4p3/2b1P3/5N2/PPPP1PPP/RNBQK2R b KQkq - 0 1",449
"r1bqk2r/pppp1ppp/2n2n2/4p3/2b1P3/5N2/PPPP1PPP/RNBQK2R b KQkq - 0 1",449
"r1bqk2r/pppp1ppp/2n2n2/4p3/2b1P3/5N2/PPPP1PPP/RNBQK2R b KQkq - 0 1",449
"r1bqk2r/pppp1ppp/2n2n2/4p3/2b1P3/5N2/PPPP1PPP/RNBQK2R b KQkq - 0 1",449
"rnb1kb1r/ppp1p1pp/5n2/3pPp2/7q/2N5/PPPP1PPP/R1BQKBNR w KQkq d6 0 1",436
"rnb1kb1r/ppp1p1pp/5n2/3pPp2/7q/2N5/PPPP1PPP/R1BQKBNR w KQkq d6 0 1",436
"rnbqkbnr/pppppppp/8/8/8/8/PPPPPPPP/RNBQKBNR w KQkq - 0 1",0
"rnbqkbnr/pppppppp/8/8/8/8/PPPPPPPP/RNBQKBNR w KQkq - 0 1",0
"rnbqkbnr/pppppppp/8/8/8/8/PPPPPPPP/RNBQKBNR w KQkq - 0 1",0
"rnbqkbnr/pppppppp/8/8/8/8/PPPPPPPP/RNBQKBNR w KQkq - 0 1",0
"rnbqkbnr/pppppppp/8/8/8/8/PPPPPPPP/RNBQKBNR w KQkq - 0 1",0
"rnbqkbnr/pppppppp/8/8/8/8/PPPPPPPP/RNBQKBNR w KQkq - 0 1",0
"rnb1kb1r/ppp1p1pp/5n2/3pPp2/7q/2N5/PPPP1PPP/R1BQKBNR b KQkq - 0 1",0
"r1bqrbk1/2p2pp1/p1np1n1p/1p2p3/4P3/PBNP1N1P/1PPB1PP1/R2Q1RK1 w - - 3 12",176
"3r4/R3KP2/1r3p2/1P2ppk1/7q/1Q1P4/3N1N2/1b6 w - - 0 1",0
"rnb1kb1r/ppp1p1pp/5n2/3pPp2/7q/2N5/PPPP1PPP/R1BQKBNR b KQkq - 0 1",0
"1R6/1P4k1/5p2/1r3K2/8/7P/6P1/8 w - - 5 55",0
"rnbqkbnr/pppp1ppp/8/4p2Q/4P3/8/PPPP1PPP/RNB1KBNR b KQkq - 0 1",0
"rnbqkbnr/ppp2p1p/6p1/2Ppp2Q/4P3/8/PP1P1PPP/RNB1KBNR b KQkq d6 0 1",12
"rnbqkbnr/ppp2p1p/6p1/2Ppp2Q/4P3/8/PP1P1PPP/RNB1KBNR w KQkq d6 0 1",0
"r1bqk2r/ppp2ppp/2n2n2/3Pp3/1b6/1B3N2/PPPP1PPP/RNBQK2R w KQkq - 0 1",199
"r1bqk2r/ppp2ppp/2n2n2/3Pp3/1b6/1B3N2/PPPP1PPP/RNBQK2R b KQkq - 0 1",11
"r3kbnr/pppqpppp/2n5/3p1b2/8/2NPB3/PPPQPPPP/R3KBNR w KQkq - 0 1",0
"r3kbnr/pppqpppp/2n5/3p1b2/8/2NPB3/PPPQPPPP/R3KBNR b KQkq - 0 1",60
"rnbqkb1r/pp2pppp/2p2n2/1B6/3pP3/2N2N2/PPPP1PPP/R1BQK2R b KQkq - 0 1",36
"rnbqkb1r/pp2pppp/2p2n2/1B6/3pP3/2N2N2/PPPP1PPP/R1BQK2R b KQkq - 0 1",36
"rnbqkb1r/pp2pppp/2p2n2/1B6/3pP3/2N2N2/PPPP1PPP/R1BQK2R b KQkq - 0 1",36
"rnbqkb1r/pp2pppp/8/1p6/3P4/2n2N2/P1P1QPPP/R1B1K2R w KQkq - 0 1",0
"rnbqkb1r/pp2pppp/8/1p6/3P4/2n2N2/P1P1QPPP/R1B1K2R w KQkq - 0 1",0
"rnbqkb1r/pp3ppp/8/1p1Pp3/8/2n2N2/P1P1QPPP/R1B1K2R w KQkq e6 0 1",0
"rnbqkb1r/p4ppp/1p2P3/1p6/8/2n2N2/P1P1QPPP/R1B1K2R w KQkq - 0 1",0
"rnbqkbnr/pppppppp/8/8/8/8/PPPPPPPP/RNBQKBNR w KQkq - 0 1",0
"r1bqkbnr/ppp2ppp/2n1P3/8/8/8/PPPP1PPP/RNBQKBNR w KQkq - 0 1",214
"r1bqkbnr/ppp2ppp/2n1P3/8/8/8/PPPP1PPP/RNBQKBNR w KQkq - 0 1",214
"r1bqkbnr/ppp3Pp/2n5/8/8/8/PPPP1PPP/RNBQKBNR w KQkq - 0 1",589
"r1bqkbnr/ppp3Pp/2n5/8/8/8/PPPP1PPP/RNBQKBNR w KQkq - 0 1",589
"r1bqkbnr/ppp3Pp/2n5/8/8/8/PPPP1PPP/RNBQKBNR w KQkq - 0 1",589
"r1bqkbnr/ppp3Pp/2n5/8/8/8/PPPP1PPP/RNBQKBNR w KQkq - 0 1",589
"r1bqkbnr/ppp3Pp/2n5/8/8/8/PPPP1PPP/RNBQKBNR w KQkq - 0 1",589
"r1bqkbnr/ppp3Pp/2n5/8/8/8/PPPP1PPP/RNBQKBNR w KQkq - 0 1",589
"r1bqkbnr/ppp3Pp/2n5/8/8/8/PPPP1PPP/RNBQKBNR w KQkq - 0 1",589
"r1bqkbnr/ppp3Pp/2n5/8/8/8/PPPP1PPP/RNBQKBNR w KQkq - 0 1",589
"r1b1kbnr/ppp3Pp/2n5/1B4B1/8/2NP1N2/PPP1qPPP/R3K2R w KQkq - 0 1",0
"r1b1kbnr/ppp3Pp/2n5/1B4B1/8/2NP1N2/PPP1qPPP/R3K2R w KQkq - 0 1",0
"r1b1kbnr/ppp3Pp/2n5/1B4B1/8/2NP1N2/PPP1qPPP/R3K2R w KQkq - 0 1",0
"rnbqkbnr/pppppppp/8/8/4P3/8/PPPP1PPP/RNBQKBNR b KQkq - 0 1",0
"rnbqkbnr/pp1ppppp/8/2p5/4P3/8/PPPP1PPP/RNBQKBNR w KQkq - 0 2",48
"rnbqkbnr/pp1ppppp/8/2p5/4P3/5N2/PPPP1PPP/RNBQKB1R b KQkq - 1 2",0
"r1bqkbnr/pp1ppppp/2n5/2p5/4P3/5N2/PPPP1PPP/RNBQKB1R w KQkq - 2 3",67
"r1bqkbnr/pp1ppppp/2n5/1Bp5/4P3/5N2/PPPP1PPP/RNBQK2R b KQkq - 3 3",0
"r1bqkb1r/pp1ppppp/2n2n2/1Bp5/4P3/5N2/PPPP1PPP/RNBQK2R w KQkq - 4 4",88
"r1bqkb1r/pp1ppppp/2n2n2/1Bp5/4P3/2N2N2/PPPP1PPP/R1BQK2R b KQkq - 5 4",0
"r1b1kb1r/ppqppppp/2n2n2/1Bp5/4P3/2N2N2/PPPP1PPP/R1BQK2R w KQkq - 6 5",76
"r1b1kb1r/ppqppppp/5n2/1Bp5/3nP3/2N2N2/PPPP1PPP/R1BQ1RK1 w kq - 8 6",80
"r1b1kb1r/ppqppppp/5n2/1Bp5/3nP3/2NP1N2/PPP2PPP/R1BQ1RK1 b kq - 0 6",0
"r1b1kb1r/1pqppppp/p4n2/1Bp5/3nP3/2NP1N2/PPP2PPP/R1BQ1RK1 w kq - 0 7",0
"r1b1kb1r/1pqppppp/p4n2/2p5/2BnP3/2NP1N2/PPP2PPP/R1BQ1RK1 b kq - 1 7",0
"r1b1kb1r/1pqp1ppp/p3pn2/2p5/2BnP3/2NP1N2/PPP2PPP/R1BQ1RK1 w kq - 0 8",215
"r1b1kb1r/1pqp1ppp/p3pn2/2p5/2BNP3/2NP4/PPP2PPP/R1BQ1RK1 b kq - 0 8",0
"r1b1kb1r/1pqp1ppp/p3pn2/8/2BpP3/2NP4/PPP2PPP/R1BQ1RK1 w kq - 0 9",0
"r1b1kb1r/1pqp1ppp/p3pn2/8/2BpP3/3P4/PPP1NPPP/R1BQ1RK1 b kq - 1 9",0
"r1b1kb1r/1pqp1ppp/p3p3/8/2Bpn3/3P4/PPP1NPPP/R1BQ1RK1 w kq - 0 10",100
"r1b1kb1r/1pqp1ppp/p3B3/8/3pn3/3P4/PPP1NPPP/R1BQ1RK1 b kq - 0 10",0
"r1b1kb1r/1pq2ppp/p3p3/8/3pn3/3P4/PPP1NPPP/R1BQ1RK1 w kq - 0 11",0
"r1b1kb1r/1pq2ppp/p3p3/8/3pP3/8/PPP1NPPP/R1BQ1RK1 b kq - 0 11",0
"r1b1k2r/1pq2ppp/p2bp3/8/3pP3/8/PPP1NPPP/R1BQ1RK1 w kq - 1 12",181
"r1b1k2r/1pq2ppp/p2bp3/8/3pPP2/8/PPP1N1PP/R1BQ1RK1 b kq - 0 12",0
"r1b2rk1/1pq2ppp/p2bp3/8/3pPP2/8/PPP1N1PP/R1BQ1RK1 w - - 1 13",61
"r1b2rk1/1pq2ppp/p2bp3/8/3NPP2/8/PPP3PP/R1BQ1RK1 b - - 0 13",0
"rnbqkbnr/pppppppp/8/8/4P3/8/PPPP1PPP/RNBQKBNR b KQkq - 0 1",0
"rnbqkbnr/pp1ppppp/8/2p5/4P3/8/PPPP1PPP/RNBQKBNR w KQkq - 0 2",48
"rnbqkbnr/pp1ppppp/8/2p5/4P3/5N2/PPPP1PPP/RNBQKB1R b KQkq - 1 2",0
"rnbqkbnr/pp1p1ppp/4p3/2p5/4P3/5N2/PPPP1PPP/RNBQKB1R w KQkq - 0 3",130
"rnbqkbnr/pp1p1ppp/4p3/2p5/3PP3/5N2/PPP2PPP/RNBQKB1R b KQkq - 0 3",0
"rnbqkbnr/pp1p1ppp/4p3/8/3pP3/5N2/PPP2PPP/RNBQKB1R w KQkq - 0 4",0
"rnbqkbnr/pp1p1ppp/4p3/8/3NP3/8/PPP2PPP/RNBQKB1R b KQkq - 0 4",14
"rnbqkb1r/pp1p1ppp/4pn2/8/3NP3/8/PPP2PPP/RNBQKB1R w KQkq - 1 5",0
"rnbqkb1r/pp1p1ppp/4pn2/8/3NP3/2N5/PPP2PPP/R1BQKB1R b KQkq - 2 5",14
"r1bqkb1r/pp1p1ppp/2n1pn2/8/3NP3/2N5/PPP2PPP/R1BQKB1R w KQkq - 3 6",0
"r1bqkb1r/pp1p1ppp/2n1pn2/1N6/4P3/2N5/PPP2PPP/R1BQKB1R b KQkq - 4 6",96
"r1bqkb1r/pp3ppp/2nppn2/1N6/4P3/2N5/PPP2PPP/R1BQKB1R w KQkq - 0 7",1
"r1bqkb1r/pp3ppp/2nppn2/1N6/4PB2/2N5/PPP2PPP/R2QKB1R b KQkq - 1 7",0
"r1bqkb1r/pp3ppp/2np1n2/1N2p3/4PB2/2N5/PPP2PPP/R2QKB1R w KQkq - 0 8",0
"r1bqkb1r/pp3ppp/2np1n2/1N2p1B1/4P3/2N5/PPP2PPP/R2QKB1R b KQkq - 1 8",7
"r1bqkb1r/1p3ppp/p1np1n2/1N2p1B1/4P3/2N5/PPP2PPP/R2QKB1R w KQkq - 0 9",44
"r1bqkb1r/1p3ppp/p1np1n2/4p1B1/4P3/N1N5/PPP2PPP/R2QKB1R b KQkq - 1 9",0
"r1bqkb1r/5ppp/p1np1n2/1p2p1B1/4P3/N1N5/PPP2PPP/R2QKB1R w KQkq - 0 10",191
"r1bqkb1r/5ppp/p1np1n2/1p1Np1B1/4P3/N7/PPP2PPP/R2QKB1R b KQkq - 1 10",0
"r1bqk2r/4bppp/p1np1n2/1p1Np1B1/4P3/N7/PPP2PPP/R2QKB1R w KQkq - 2 11",184
"r1bqk2r/4bppp/p1np1B2/1p1Np3/4P3/N7/PPP2PPP/R2QKB1R b KQkq - 0 11",0
"r1bqk2r/5ppp/p1np1b2/1p1Np3/4P3/N7/PPP2PPP/R2QKB1R w KQkq - 0 12",203
"r1bq1rk1/5ppp/p1np1b2/1p1Np3/4P3/N1P5/PP3PPP/R2QKB1R w KQ - 1 13",208
"r2q1rk1/5ppp/p1npbb2/1p1Np3/4P3/2P5/PPN2PPP/R2QKB1R w KQ - 3 14",235
"r2q1rk1/5ppp/p1npbb2/1p1Np3/P3P3/2P5/1PN2PPP/R2QKB1R b KQ - 0 14",0
"r2q1rk1/4nppp/p2pbb2/1p1Np3/P3P3/2P5/1PN2PPP/R2QKB1R w KQ - 1 15",139
"r2q1rk1/4nppp/p2pbb2/1p1Np3/PN2P3/2P5/1P3PPP/R2QKB1R b KQ - 2 15",0
"r2q1rk1/5ppp/p2pbb2/1p1np3/PN2P3/2P5/1P3PPP/R2QKB1R w KQ - 0 16",0
"r2q1rk1/5ppp/p2pbb2/1p1Np3/P3P3/2P5/1P3PPP/R2QKB1R b KQ - 0 16",0
"1r1q1rk1/5ppp/p2pbb2/1p1Np3/P3P3/2P5/1P3PPP/R2QKB1R w KQ - 1 17",56
"1r1q1rk1/5ppp/p2pbb2/1P1Np3/4P3/2P5/1P3PPP/R2QKB1R b KQ - 0 17",0
"1r1q1rk1/5ppp/3pbb2/1p1Np3/4P3/2P5/1P3PPP/R2QKB1R w KQ - 0 18",66
"1r1q1rk1/5ppp/3pbb2/1p2p3/1N2P3/2P5/1P3PPP/R2QKB1R b KQ - 1 18",0
"1r3rk1/3q1ppp/3pbb2/1p2p3/1N2P3/2P5/1P3PPP/R2QKB1R w KQ - 2 19",38
"1r3rk1/3q1ppp/3pbb2/1p2p3/1N2P3/2P5/1P2BPPP/R2QK2R b KQ - 3 19",0
"1r3rk1/1q3ppp/3pbb2/1p2p3/1N2P3/2P5/1P2BPPP/R2QK2R w KQ - 4 20",91
"1r3rk1/1q3ppp/3pbb2/1p2p3/1N2P3/2PQ4/1P2BPPP/R3K2R b KQ - 5 20",0
"1r1r2k1/1q3ppp/3pbb2/1p2p3/1N2P3/2PQ4/1P2BPPP/R3K2R w KQ - 6 21",88
"1r1r2k1/1q3ppp/3pbb2/1p2p3/1N2P3/2P1Q3/1P2BPPP/R3K2R b KQ - 7 21",0
"r2r2k1/1q3ppp/3pbb2/1p2p3/1N2P3/2P1Q3/1P2BPPP/R3K2R w KQ - 8 22",120
"r2r2k1/1q3ppp/3pbb2/1p2p3/1N2P3/2P1Q3/1P2BPPP/R4RK1 b - - 9 22",0
"r2r2k1/1q3pp1/3pbb1p/1p2p3/1N2P3/2P1Q3/1P2BPPP/R4RK1 w - - 0 23",153
"r2r2k1/1q3pp1/3pbb1p/1p2p3/1N2P3/2PQ4/1P2BPPP/R4RK1 b - - 1 23",0
"r2r2k1/1q3pp1/3p1b1p/1p2p3/1Nb1P3/2PQ4/1P2BPPP/R4RK1 w - - 2 24",0
"r2r2k1/1q3pp1/3p1b1p/1p2p3/1Nb1P3/2P5/1PQ1BPPP/R4RK1 b - - 3 24",0
"r2r2k1/1q3pp1/3pbb1p/1p2p3/1N2P3/2P5/1PQ1BPPP/R4RK1 w - - 4 25",115
"r2r2k1/1q3pp1/3pbb1p/1p2p3/1N2P3/2PQ4/1P2BPPP/R4RK1 b - - 5 25",0
"r2r2k1/1q3pp1/3p1b1p/1p2p3/1Nb1P3/2PQ4/1P2BPPP/R4RK1 w - - 6 26",0
"r2r2k1/1q3pp1/3p1b1p/1p2p3/1Nb1P3/2P5/1PQ1BPPP/R4RK1 b - - 7 26",0
"r2r2k1/1q3pp1/3pbb1p/1p2p3/1N2P3/2P5/1PQ1BPPP/R4RK1 w - - 8 27",115
"rnbqkbnr/pppppppp/8/8/3P4/8/PPP1PPPP/RNBQKBNR b KQkq - 0 1",0
"rnbqkbnr/ppp1pppp/8/3p4/3P4/8/PPP1PPPP/RNBQKBNR w KQkq - 0 2",0
"rnbqkbnr/ppp1pppp/8/3p4/2PP4/8/PP2PPPP/RNBQKBNR b KQkq - 0 2",52
"rnbqkbnr/ppp2ppp/4p3/3p4/2PP4/8/PP2PPPP/RNBQKBNR w KQkq - 0 3",0
"rnbqkbnr/ppp2ppp/4p3/3p4/2PP4/2N5/PP2PPPP/R1BQKBNR b KQkq - 1 3",0
"rnbqkb1r/ppp2ppp/4pn2/3p4/2PP4/2N5/PP2PPPP/R1BQKBNR w KQkq - 2 4",0
"rnbqkb1r/ppp2ppp/4pn2/3p2B1/2PP4/2N5/PP2PPPP/R2QKBNR b KQkq - 3 4",0
"rnbqk2r/ppp1bppp/4pn2/3p2B1/2PP4/2N5/PP2PPPP/R2QKBNR w KQkq - 4 5",73
"rnbqk2r/ppp1bppp/4pn2/3p2B1/2PP4/2N1P3/PP3PPP/R2QKBNR b KQkq - 0 5",28
"rnbq1rk1/ppp1bppp/4pn2/3p2B1/2PP4/2N1P3/PP3PPP/R2QKBNR w KQ - 1 6",0
"rnbq1rk1/ppp1bppp/4pn2/3p2B1/2PP4/2N1PN2/PP3PPP/R2QKB1R b KQ - 2 6",0
"rnbq1rk1/pp2bppp/4pn2/2pp2B1/2PP4/2N1PN2/PP3PPP/R2QKB1R w KQ - 0 7",191
"rnb2rk1/pp2bppp/4pn2/q1Pp2B1/2P5/2N1PN2/PP3PPP/R2QKB1R w KQ - 1 8",248
"rnb2rk1/pp2bppp/4pn2/q1Pp2B1/2P5/2N1PN2/PP3PPP/2RQKB1R b K - 2 8",0
"r1b2rk1/pp2bppp/2n1pn2/q1Pp2B1/2P5/2N1PN2/PP3PPP/2RQKB1R w K - 3 9",129
"r1b2rk1/pp2bppp/2n1pn2/q1Pp2B1/2P5/2N1PN2/PP2BPPP/2RQK2R b K - 4 9",0
"r1b2rk1/pp2bppp/2n1pn2/q1P3B1/2p5/2N1PN2/PP2BPPP/2RQK2R w K - 0 10",92
"r1b2rk1/pp2bppp/2n1pn2/q1P3B1/2B5/2N1PN2/PP3PPP/2RQK2R b K - 0 10",0
"r1b2rk1/pp2bppp/2n1pn2/2q3B1/2B5/2N1PN2/PP3PPP/2RQK2R w K - 0 11",92
"r1b2rk1/pp2bppp/2n1pn2/2q3B1/2B5/2N1PN2/PP2QPPP/2R1K2R b K - 1 11",0
"r1b2rk1/pp2bppp/4pn2/2q1n1B1/2B5/2N1PN2/PP2QPPP/2R1K2R w K - 2 12",0
"r1b2rk1/pp2bppp/4pn2/2q1N1B1/2B5/2N1P3/PP2QPPP/2R1K2R b K - 0 12",0
"r1b2rk1/pp2bppp/4pn2/4q1B1/2B5/2N1P3/PP2QPPP/2R1K2R w K - 0 13",0
"r1b2rk1/pp2bppp/4pn2/4q1B1/2B2P2/2N1P3/PP2Q1PP/2R1K2R b K - 0 13",51
"r1b2rk1/pp2bppp/4pn2/q5B1/2B2P2/2N1P3/PP2Q1PP/2R1K2R w K - 1 14",0
"r1b2rk1/pp2bppp/4pn2/q5B1/2B2P2/2N1P3/PP2Q1PP/2R2RK1 b - - 2 14",94
"r4rk1/pp1bbppp/4pn2/q5B1/2B2P2/2N1P3/PP2Q1PP/2R2RK1 w - - 3 15",0
"r4rk1/pp1bbppp/4pn2/q5B1/2B2P2/2N1P3/PP2Q1PP/2R2R1K b - - 4 15",96
"1r3rk1/pp1bbppp/4pn2/q5B1/2B2P2/2N1P3/PP2Q1PP/2R2R1K w - - 5 16",0
"1r3rk1/pp1bbppp/4pn2/q5B1/2B1PP2/2N5/PP2Q1PP/2R2R1K b - - 0 16",134
"1r3rk1/p2bbppp/4pn2/qp4B1/2B1PP2/2N5/PP2Q1PP/2R2R1K w - - 0 17",0
"1r3rk1/p2bbppp/4pn2/qp4B1/4PP2/2NB4/PP2Q1PP/2R2R1K b - - 1 17",171
"1r2r1k1/p2bbppp/4pn2/qp4B1/4PP2/2NB4/PP2Q1PP/2R2R1K w - - 2 18",0
"1r2r1k1/p2bbppp/4pn2/qp2P1B1/5P2/2NB4/PP2Q1PP/2R2R1K b - - 0 18",1
"1r2r1k1/p2bbppp/4p3/qp1nP1B1/5P2/2NB4/PP2Q1PP/2R2R1K w - - 1 19",0
"1r2r1k1/p2bbppp/4p3/qp1NP1B1/5P2/3B4/PP2Q1PP/2R2R1K b - - 0 19",0
"1r2r1k1/p2bbppp/8/qp1pP1B1/5P2/3B4/PP2Q1PP/2R2R1K w - - 0 20",44
"1r2r1k1/p2bBppp/8/qp1pP3/5P2/3B4/PP2Q1PP/2R2R1K b - - 0 20",0
"1r4k1/p2brppp/8/qp1pP3/5P2/3B4/PP2Q1PP/2R2R1K w - - 0 21",61
"1r4k1/p2brppp/8/qp1pP3/5P2/3B4/PP3QPP/2R2R1K b - - 1 21",0
"1r4k1/p2brpp1/7p/qp1pP3/5P2/3B4/PP3QPP/2R2R1K w - - 0 22",23
"1r4k1/p2brpp1/7p/qp1pP3/5P2/8/PP3QPP/1BR2R1K b - - 1 22",0
"1r4k1/p2brpp1/1q5p/1p1pP3/5P2/8/PP3QPP/1BR2R1K w - - 2 23",58
"1r4k1/p2brpp1/1q5p/1p1pP3/5P2/6Q1/PP4PP/1BR2R1K b - - 3 23",0
"4r1k1/p2brpp1/1q5p/1p1pP3/5P2/6Q1/PP4PP/1BR2R1K w - - 4 24",41
"4r1k1/p2brpp1/1q5p/1p1pP3/5P2/3Q4/PP4PP/1BR2R1K b - - 5 24",0
"4r1k1/p2brp2/1q4pp/1p1pP3/5P2/3Q4/PP4PP/1BR2R1K w - - 0 25",71
"4r1k1/p2brp2/1q4pp/1p1QP3/5P2/8/PP4PP/1BR2R1K b - - 0 25",0
"2r3k1/p2brp2/1q4pp/1p1QP3/5P2/8/PP4PP/1BR2R1K w - - 1 26",224
"2r3k1/p2brp2/1q4pp/1p2P3/5P2/5Q2/PP4PP/1BR2R1K b - - 2 26",0
"2r3k1/p2brp2/6pp/1p2P3/3q1P2/5Q2/PP4PP/1BR2R1K w - - 3 27",159
"2r3k1/p2brp2/6pp/1p2P3/3q1P2/1P3Q2/P5PP/1BR2R1K b - - 0 27",0
"2r3k1/p2brp2/6pp/1p2P3/5P2/1P3Q2/Pq4PP/1BR2R1K w - - 1 28",76
"2r3k1/p2brp2/6pp/1p2P3/5P2/1P3Q2/Pq4PP/1B2RR1K b - - 2 28",0
"6k1/p2brp2/6pp/1p2P3/5P2/1Pr2Q2/Pq4PP/1B2RR1K w - - 3 29",171
"6k1/p2brp2/6pp/1p2P3/5P2/1Pr5/Pq4PP/1B1QRR1K b - - 4 29",0
"2r3k1/p2brp2/6pp/1p2P3/5P2/1P6/Pq4PP/1B1QRR1K w - - 5 30",92
"2r3k1/p2brp2/6pp/1p2P3/5P2/1P6/Pq2R1PP/1B1Q1R1K b - - 6 30",0
"2r3k1/p2brp2/6pp/1p2P3/5P2/qP6/P3R1PP/1B1Q1R1K w - - 7 31",87
"2r3k1/p2brp2/6pp/1p2P3/5P2/qP5P/P3R1P1/1B1Q1R1K b - - 0 31",0
"2r3k1/p3rp2/4b1pp/1p2P3/5P2/qP5P/P3R1P1/1B1Q1R1K w - - 1 32",53
"2r3k1/p3rp2/3Qb1pp/1p2P3/5P2/qP5P/P3R1P1/1B3R1K b - - 2 32",0
"2r3k1/p3rp2/3qb1pp/1p2P3/5P2/1P5P/P3R1P1/1B3R1K w - - 0 33",0
"2r3k1/p3rp2/3Pb1pp/1p6/5P2/1P5P/P3R1P1/1B3R1K b - - 0 33",0
"2r3k1/p2r1p2/3Pb1pp/1p6/5P2/1P5P/P3R1P1/1B3R1K w - - 1 34",0
"2r3k1/p2r1p2/3Pb1pp/1p6/5P2/1P5P/P3R1P1/1B1R3K b - - 2 34",0
"6k1/p2r1p2/2rPb1pp/1p6/5P2/1P5P/P3R1P1/1B1R3K w - - 3 35",0
"6k1/p2r1p2/2rPb1Bp/1p6/5P2/1P5P/P3R1P1/3R3K b - - 0 35",0
"6k1/p4p2/2rrb1Bp/1p6/5P2/1P5P/P3R1P1/3R3K w - - 0 36",0
"6k1/p4p2/2rRb1Bp/1p6/5P2/1P5P/P3R1P1/7K b - - 0 36",0
"6k1/p4p2/3rb1Bp/1p6/5P2/1P5P/P3R1P1/7K w - - 0 37",0
"6k1/p4p2/3rb2p/1p6/4BP2/1P5P/P3R1P1/7K b - - 1 37",0
"8/p4pk1/3rb2p/1p6/4BP2/1P5P/P3R1P1/7K w - - 2 38",0
"8/p4pk1/3rb2p/1p6/4BPP1/1P5P/P3R3/7K b - - 0 38",0
"8/p4pk1/3r3p/1p1b4/4BPP1/1P5P/P3R3/7K w - - 1 39",0
"8/p4pk1/3r3p/1p1B4/5PP1/1P5P/P3R3/7K b - - 0 39",0
"8/p4pk1/7p/1p1r4/5PP1/1P5P/P3R3/7K w - - 0 40",0
"8/p4pk1/7p/1p1r4/5PP1/1P5P/P3R1K1/8 b - - 1 40",0
"8/p4pk1/7p/1p6/5PP1/1P1r3P/P3R1K1/8 w - - 2 41",0
"8/p4pk1/7p/1p6/5PPP/1P1r4/P3R1K1/8 b - - 0 41",0
"8/5pk1/7p/pp6/5PPP/1P1r4/P3R1K1/8 w - - 0 42",0
"8/5pk1/7p/pp2R3/5PPP/1P1r4/P5K1/8 b - - 1 42",0
"8/5pk1/7p/pp2R3/5PPP/1P6/P2r2K1/8 w - - 2 43",0
"8/5pk1/7p/pp2R3/5PPP/1P3K2/P2r4/8 b - - 3 43",0
"8/5pk1/7p/pp2R3/5PPP/1P3K2/r7/8 w - - 0 44",0
"8/5pk1/7p/pR6/5PPP/1P3K2/r7/8 b - - 0 44",0
"8/5pk1/7p/1R6/p4PPP/1P3K2/r7/8 w - - 0 45",0
"8/5pk1/7p/1R6/P4PPP/5K2/r7/8 b - - 0 45",0
"8/5pk1/7p/1R6/r4PPP/5K2/8/8 w - - 0 46",0
"8/5pk1/7p/1R4P1/r4P1P/5K2/8/8 b - - 0 46",0
"8/5pk1/8/1R4p1/r4P1P/5K2/8/8 w - - 0 47",0
"8/5pk1/8/6R1/r4P1P/5K2/8/8 b - - 0 47",0
"8/5p2/5k2/6R1/r4P1P/5K2/8/8 w - - 1 48",0
"8/5p2/5k2/6RP/r4P2/5K2/8/8 b - - 0 48",0
"8/5p2/5k2/6RP/5P2/5K2/8/r7 w - - 1 49",0
"8/5p2/5k2/6RP/5P2/8/6K1/r7 b - - 2 49",0
"8/5p2/5k2/6RP/r4P2/8/6K1/8 w - - 3 50",0
"8/5p2/5k2/6RP/r4P2/6K1/8/8 b - - 4 50",0
"8/5p2/5k2/6RP/5P2/6K1/8/r7 w - - 5 51",0
"8/5p2/5k2/6RP/5P2/8/6K1/r7 b - - 6 51",0
"8/5p2/5k2/6RP/r4P2/8/6K1/8 w - - 7 52",0
"8/5p2/5k2/7P/r4PR1/8/6K1/8 b - - 8 52",0
"8/5p2/5k2/r6P/5PR1/8/6K1/8 w - - 9 53",0
"8/5p2/5k2/r6P/5P1R/8/6K1/8 b - - 10 53",0
"8/5pk1/8/r6P/5P1R/8/6K1/8 w - - 11 54",0
"8/5pk1/8/r6P/5P1R/5K2/8/8 b - - 12 54",0
"8/5p2/7k/r6P/5P1R/5K2/8/8 w - - 13 55",0
"8/5p2/7k/r6P/5PKR/8/8/8 b - - 14 55",0
"8/8/7k/r4p1P/5PKR/8/8/8 w - - 0 56",0
"8/8/7k/r4p1P/5P1R/5K2/8/8 b - - 1 56",0
"8/8/7k/5p1P/5P1R/r4K2/8/8 w - - 2 57",0
"8/8/7k/5p1P/5P1R/r7/4K3/8 b - - 3 57",0
"8/8/7k/5p1P/5P1R/1r6/4K3/8 w - - 4 58",0
"8/8/7k/5p1P/5P2/1r6/4K3/7R b - - 5 58",0
"8/8/7k/5p1P/5P2/r7/4K3/7R w - - 6 59",0
"8/8/7k/5p1P/5P2/r7/4K3/6R1 b - - 7 59",0
"8/8/8/5p1k/5P2/r7/4K3/6R1 w - - 0 60",0
"8/8/8/5pRk/5P2/r7/4K3/8 b - - 1 60",0
"8/8/7k/5pR1/5P2/r7/4K3/8 w - - 2 61",0
"8/8/7k/5R2/5P2/r7/4K3/8 b - - 0 61",0
"8/8/6k1/5R2/5P2/r7/4K3/8 w - - 1 62",0
"8/8/6k1/1R6/5P2/r7/4K3/8 b - - 2 62",0
"8/8/5k2/1R6/5P2/r7/4K3/8 w - - 3 63",0
"8/8/5k2/1R6/5P2/r7/5K2/8 b - - 4 63",0
"8/8/5k2/1R6/5P2/2r5/5K2/8 w - - 5 64",0
"8/8/5k2/4R3/5P2/2r5/5K2/8 b - - 6 64",0
"8/8/5k2/4R3/5P2/r7/5K2/8 w - - 7 65",0
"8/8/5k2/8/5P2/r3R3/5K2/8 b - - 8 65",0
"8/8/5k2/8/5P2/4r3/5K2/8 w - - 0 66",0
"8/8/5k2/8/5P2/4K3/8/8 b - - 0 66",0
"8/8/8/5k2/5P2/4K3/8/8 w - - 1 67",0
"8/8/8/5k2/5P2/5K2/8/8 b - - 2 67",0
"8/8/5k2/8/5P2/5K2/8/8 w - - 3 68",0
"8/8/5k2/8/5PK1/8/8/8 b - - 4 68",0
"8/8/6k1/8/5PK1/8/8/8 w - - 5 69",0
"8/8/6k1/5P2/6K1/8/8/8 b - - 0 69",0
"8/8/5k2/5P2/6K1/8/8/8 w - - 1 70",0
"8/8/5k2/5P2/5K2/8/8/8 b - - 2 70",0
"8/5k2/8/5P2/5K2/8/8/8 w - - 3 71",0
"8/5k2/8/4KP2/8/8/8/8 b - - 4 71",0
"8/4k3/8/4KP2/8/8/8/8 w - - 5 72",0
"8/4k3/5P2/4K3/8/8/8/8 b - - 0 72",0
"8/5k2/5P2/4K3/8/8/8/8 w - - 1 73",0
"8/5k2/5P2/5K2/8/8/8/8 b - - 2 73",0
"5k2/8/5P2/5K2/8/8/8/8 w - - 3 74",0
"5k2/8/5PK1/8/8/8/8/8 b - - 4 74",0
"6k1/8/5PK1/8/8/8/8/8 w - - 5 75",0
"6k1/5P2/6K1/8/8/8/8/8 b - - 0 75",0
"5k2/5P2/6K1/8/8/8/8/8 w - - 1 76",0
"rnbqkbnr/pppppppp/8/8/8/5N2/PPPPPPPP/RNBQKB1R b KQkq - 1 1",0
"rnbqkbnr/ppp1pppp/8/3p4/8/5N2/PPPPPPPP/RNBQKB1R w KQkq - 0 2",0
"rnbqkbnr/ppp1pppp/8/3p4/8/5NP1/PPPPPP1P/RNBQKB1R b KQkq - 0 2",0
"rnbqkbnr/pp2pppp/8/2pp4/8/5NP1/PPPPPP1P/RNBQKB1R w KQkq - 0 3",110
"rnbqkbnr/pp2pppp/8/2pp4/8/5NP1/PPPPPPBP/RNBQK2R b KQkq - 1 3",0
"rnbqkb1r/pp2pppp/5n2/2pp4/8/5NP1/PPPPPPBP/RNBQK2R w KQkq - 2 4",21
"rnbqkb1r/pp2pppp/5n2/2pp4/8/5NP1/PPPPPPBP/RNBQ1RK1 b kq - 3 4",0
"rnbqkb1r/pp3ppp/4pn2/2pp4/8/5NP1/PPPPPPBP/RNBQ1RK1 w kq - 0 5",146
"rnbqkb1r/pp3ppp/4pn2/2pp4/8/3P1NP1/PPP1PPBP/RNBQ1RK1 b kq - 0 5",0
"rnbqkb1r/pp3p1p/4pnp1/2pp4/8/3P1NP1/PPP1PPBP/RNBQ1RK1 w kq - 0 6",199
"rnbqkb1r/pp3p1p/4pnp1/2pp4/8/3P1NP1/PPPNPPBP/R1BQ1RK1 b kq - 1 6",0
"rnbqk2r/pp3pbp/4pnp1/2pp4/8/3P1NP1/PPPNPPBP/R1BQ1RK1 w kq - 2 7",143
"rnbqk2r/pp3pbp/4pnp1/2pp4/4P3/3P1NP1/PPPN1PBP/R1BQ1RK1 b kq - 0 7",0
"rnbq1rk1/pp3pbp/4pnp1/2pp4/4P3/3P1NP1/PPPN1PBP/R1BQ1RK1 w - - 1 8",89
"rnbq1rk1/pp3pbp/4pnp1/2pp4/4P3/3P1NP1/PPPN1PBP/R1BQR1K1 b - - 2 8",0
"r1bq1rk1/pp3pbp/2n1pnp1/2pp4/4P3/3P1NP1/PPPN1PBP/R1BQR1K1 w - - 3 9",71
"r1bq1rk1/pp3pbp/2n1pnp1/2pp4/4P3/2PP1NP1/PP1N1PBP/R1BQR1K1 b - - 0 9",0
"r1bq1rk1/1p3pbp/2n1pnp1/p1pp4/4P3/2PP1NP1/PP1N1PBP/R1BQR1K1 w - - 0 10",139
"r1bq1rk1/1p3pbp/2n1pnp1/p1pp4/P3P3/2PP1NP1/1P1N1PBP/R1BQR1K1 b - - 0 10",0
