fen,result
r1b1kb1r/1pq2ppp/p3p3/8/3pn3/3P4/PPP1NPPP/R1BQ1RK1 w kq - 0 11,0.5
r1bqk2r/4bppp/p1np1n2/1p1Np1B1/4P3/N7/PPP2PPP/R2QKB1R w KQkq - 2 11,0.5
r1b2rk1/pp2bppp/2n1pn2/2q3B1/2B5/2N1PN2/PP3PPP/2RQK2R w K - 0 11,0.5
r1bq1rk1/5pbp/1pn1pnp1/p1pp4/P3P3/2PP1NP1/1P1N1PBP/R1BQR1K1 w - - 0 11,1.0
rn3rk1/pp2bpp1/2p1pn1p/2Pp1b2/3P4/1PN2NP1/1P2PPBP/R1B2RK1 w - - 3 11,0.0
r2qkb1r/2p2ppp/2npbn2/1p6/2P1P3/1PN5/1B1Q1PPP/3RKBNR w Kkq - 0 11,0.0
r1bq1rk1/1p1n1pbp/p2p1np1/1B6/3P4/2N2N2/PP3PPP/R1BQ1RK1 w - - 0 11,0.5
r2qk2r/pb1pbppp/1pn5/2pn4/8/5NP1/PPQ1PPBP/RNBR2K1 w kq - 4 11,0.0
r4rk1/pp1qppbp/2np1np1/8/2PNP3/2N1BP2/PP4PP/R2QK2R w KQ - 1 11,0.5
r1b2rk1/p2n1ppp/1p1qpn2/3p3P/3P4/2P2N2/PP1N1PP1/R2QKB1R w KQ - 1 11,0.5
r1bqk2r/p1p1bppp/1np5/3pP3/2P5/1N1B4/PP3PPP/R1BQK2R w KQkq d6 0 11,0.5
rnbq1rk1/pp2ppb1/3p3p/2P3p1/2P5/2N1PNn1/PP2BPPP/R2QK2R w KQ - 0 11,0.0
r1bq1rk1/2p2ppp/p1nbpn2/1p6/2BP4/2N1PN2/PPQB1PPP/R4RK1 w - - 0 11,0.5
r3kbnr/ppq2ppp/2n1p3/3pPb2/NPpP4/2P1BN2/P3BPPP/R2QK2R w KQkq - 1 11,0.5
r4rk1/pb1nqppp/1ppbpn2/3p4/2PP4/1PN1PN2/PBQ1BPPP/R4RK1 w - - 4 11,0.0
rnbr2k1/ppp2pbp/6p1/4p3/8/1P4P1/PBP1PPBP/RN3RK1 w - - 0 11,0.5
r1bnkb1r/pp3p1p/6p1/2pBpq2/8/2P2Q2/PP1P1PPP/RNB2RK1 w kq - 3 11,1.0
r1bqkb1r/pp3pp1/2n1p3/3p2P1/3Nn3/2N5/PPP2P2/R1BQKBR1 w Qkq - 0 11,1.0
r1bqk2r/p1pn1ppp/1p1p1n2/3Pp3/2P1P3/2PB1N2/P1Q2PPP/R1B2RK1 w kq - 2 11,1.0
r1bq1rk1/ppp2ppp/2n1p3/3n4/Q1pP4/P4NP1/1P2PPBP/RN3RK1 w - - 1 11,1.0
r2q1rk1/1pp1bpp1/p1npbn1p/4p3/P1B1P3/2PP1NB1/1P3PPP/RN1Q1RK1 w - - 3 11,0.0
rnb1k2r/1p2bppp/p3p3/3q4/3N2P1/P4Q2/1PP2P1P/R1B1KB1R w KQkq - 0 11,0.5
r1bq1rk1/pp2bppp/3p1n2/2p5/8/2PBBN2/PPPQ1PPP/2KR3R w - - 0 11,0.5
3qk2r/p1p1bppp/brn1pn2/1p6/2pP4/1P2PNP1/P3QPBP/RNBR2K1 w k - 3 11,0.0
r1bqrnk1/pp3ppp/2pb1p2/8/3P4/2PB2N1/PP3PPP/R1BQ1RK1 w - - 9 11,0.5
r1bq1rk1/pp1nppbp/6p1/1Pp1n3/2Pp4/3P1NP1/PB1NPPBP/R2QK2R w KQ - 3 11,1.0
r2qk2r/1p3ppp/2n1bn2/p1bp2B1/8/P4NP1/1P2PPBP/RN1Q1RK1 w kq - 2 11,1.0
r2q1rk1/pp1nbppp/4pn2/2p2b2/3P4/4PNP1/PP2QPBP/RNB2RK1 w - - 0 11,0.0
2r1kbnr/p1qp1ppp/1p2p3/8/2PQ4/2N3P1/PP2PPKP/R1B2R2 w k - 3 11,1.0
r2qk2r/1p1n1ppp/p2pbb2/3Np3/4P3/5N2/PPP1BPPP/R2QK2R w KQkq - 2 11,0.0
2rqkb1r/p2b1ppp/2n1pn2/1p6/2pP4/5NP1/PPQ1PPBP/RNB2RK1 w k - 2 11,1.0
r3k2r/1ppq2pp/p1nbpn2/1B1p4/3P4/2N1B3/PPP1QPPP/R3K2R w KQkq - 0 11,1.0
r1bqr1k1/pp1n1pbp/3p1np1/2pP4/4P3/2N5/PP1NBPPP/R1BQ1RK1 w - - 5 11,0.5
r1bq1rk1/4bppp/p1p1pn2/3p4/4P3/2NB2Q1/PPP2PPP/R1B2RK1 w - - 6 11,0.5
r1bk1b1r/p3pp2/2p2np1/4p2p/7P/2N5/PPP1BPP1/R1B1K2R w KQ - 0 11,0.5
r1bqr1k1/bpp2pp1/p1np1n1p/4p3/P1B1P3/2PP1N1P/1P1N1PP1/R1BQR1K1 w - - 2 11,0.5
r1bq1rk1/pp1n1ppp/4p3/2PpPn2/6Q1/P1PB1N2/2P2PPP/R1B1K2R w KQ - 5 11,0.5
rnb2rk1/1p3ppp/1q2pn2/3P4/1p1N4/6P1/PPQ1PPBP/RN2K2R w KQ - 0 11,0.5
r2q1r2/pp2ppkp/2n3pn/3p4/3P2b1/2P2N2/PP1NBPPP/R2Q1RK1 w - - 6 11,1.0
rnb1kb1r/p1q2pp1/2p2n1p/1P1p2N1/4pP2/1PN1P3/P1QP2PP/R1B1KB1R w KQkq - 0 11,1.0
r1b1k1nr/p2p2pp/1p2ppq1/n1pP2B1/2P5/2Q2N2/PP2PPPP/R2K1B1R w kq - 0 11,0.0
rnbq1rk1/p4pbp/2pp1np1/8/1p1BPP2/2NB1N1P/PPPQ2P1/R3K2R w KQ - 0 11,0.0
1rbqk2r/1p2npbp/3p2p1/p1p1p3/2P5/P2PP1P1/1P3PBP/1RBQK1NR w Kk - 0 11,1.0
rn1q1rk1/pb2bppp/1p2pn2/2ppN3/2PP4/1PN3P1/P2BPPBP/R2Q1RK1 w - - 0 11,1.0
r1bqkb1r/pp3p1p/2n1p1p1/3B4/3P4/1Q3N2/PP3PPP/R1B1K2R w KQkq - 0 11,1.0
r1bqk2r/pp3pp1/1npb4/5p1p/2pP4/4P1P1/PPQ1NPBP/RN3RK1 w kq - 2 11,0.0
r3k1nr/p1qb1ppp/2pb4/3pp3/4P3/3B1N2/PPP1QPPP/R1B1K2R w KQkq - 0 11,1.0
r1bq1rk1/p3ppbp/2np2p1/2p1P3/5Pn1/2NB1N2/PPP3PP/R2QK1BR w KQ - 3 11,1.0
r1b1k2r/ppq1ppbp/6p1/n1p5/3P4/2P2NP1/P3PPBP/R1BQK2R w KQkq - 5 11,1.0
r1bqnrk1/ppp1n1bp/3p2p1/3Ppp2/PPP1P3/2N2N2/4BPPP/R1BQ1RK1 w - - 0 11,0.0
r1b1kb1r/5ppp/p1p1pn2/3p4/4P3/2N3P1/PPP1BPP1/R1B1K2R w KQkq - 0 11,1.0
r3kb1r/ppqn1ppp/4pn2/8/3N4/5N2/PPP2PPP/R1BQK2R w KQkq - 1 11,0.0
r1bq1rk1/1p2bpp1/p1n1pn1p/3p4/3P1B2/2NBPN1P/PP3PP1/2RQK2R w K - 2 11,1.0
r3k2r/bppq1pp1/p1npbn1p/4p3/1P2P3/2PP1N1P/P1BN1PP1/R1BQK2R w KQkq - 4 11,0.5
r1bqr1k1/pp2bppp/2pp1n2/4n3/P2NP3/2N5/BPP2PPP/R1BQR1K1 w - - 3 11,0.5
r1bq3r/ppp2k1p/2n3p1/2Q5/3pp3/2P5/PP3PPP/RNB1K2R w KQ - 0 11,1.0
r2qkb1r/p2b1ppp/2n1p3/1p1n4/P1pP4/2Q2NP1/1P2PPBP/RNB2RK1 w kq - 1 11,1.0
rn1qrbk1/pbp2ppp/1p3n2/3p4/3P4/2NBP3/PP1BNPPP/2RQ1RK1 w - - 4 11,1.0
r1b1k2r/pp1n1ppp/4pn2/2P3q1/1P6/2BB1Q2/P1P2P1P/R3K1NR w KQkq - 2 11,1.0
r1bqr1k1/pppn1pp1/4pb1p/6B1/3P3P/3B1N2/PPP1QPP1/R3K2R w KQ - 2 11,1.0
r1b2rk1/pp2qpbp/n1pp1np1/8/2PNP3/2N1B3/PPQ1BPPP/R4RK1 w - - 0 11,0.5
r1bq1rk1/4bppp/p2p1n2/npp1p3/4P3/2PP1N1P/PPB2PP1/RNBQ1RK1 w - - 0 11,1.0
rn1q1rk1/pp2bppp/4pnb1/2p1N3/4p1P1/3P3P/PPPN1PB1/R1BQ1RK1 w - - 0 11,0.5
r4rk1/p1q2ppp/np1bpn2/2ppN3/3P1B1P/2P1P3/PP1N1PP1/R2QK2R w KQ - 0 11,1.0
r1bqk2r/1p2ppbp/2p2np1/p7/8/5NP1/PPQPPPBP/R1B2RK1 w kq - 0 11,0.0
1rbqk2r/b1p2ppp/p1np1n2/Pp2p3/3PP3/1BP2N2/1P3PPP/RNBQ1RK1 w k - 1 11,1.0
r2q1rk1/pb1nppbp/3p1np1/1p6/3pP3/1P3NP1/PBPN1PBP/R2QR1K1 w - - 0 11,0.0
r2qk2r/1ppn1ppp/p1p2b2/4p3/4P3/3P2QP/PPP2PP1/RNB2RK1 w kq - 3 11,0.5
r1b1k2r/1pp1bppp/p3pn2/8/2N5/5BP1/PP2PP1P/R1BR2K1 w kq - 1 11,1.0
r2q1rk1/1b1nbppp/pppp1n2/3Pp3/P1B1P3/2N2N1P/1PP2PP1/R1BQR1K1 w - - 1 11,1.0
r2qkb1r/pp1n2pp/2p1p1n1/3p1b2/3Pp1P1/2P5/PP1NBP1P/R1BQNRK1 w kq - 0 11,1.0
rnbqnrk1/1p3pbp/p2p2p1/2pP4/P4B2/2N1PN1P/1P3PP1/R2QKB1R w KQ - 1 11,0.0
rnb1r1k1/ppppqppp/5n2/2P5/2PP4/5N2/P3BPPP/R1BQK2R w KQ - 1 11,1.0
r1bq1rk1/1p3pbp/n1p2pp1/p7/3P4/2PB1N1P/PP3PP1/R1BQ1RK1 w - - 1 11,0.5
r3kb1r/ppp1qppp/4b3/8/2pQN3/8/PPP2PPP/R1B2RK1 w kq - 1 11,1.0
r1bq1rk1/1p1nbppp/2p1p3/p2p4/2PPn3/N4NP1/PPQBPPBP/2R2RK1 w - - 2 11,0.5
r1bq1rk1/pp2ppbp/6p1/1BpPn3/4P3/2P2N2/P4PPP/1RBQK2R w K - 1 11,1.0
1n1q1rk1/rp2bppp/p1p1pn2/P4b2/2BP4/1QN1PN2/1P3PPP/R1B2RK1 w - - 4 11,0.5
r2qk2r/2p2ppp/pbnp1n2/1p6/3pP1b1/1BP1BN2/PP1N1PPP/R2Q1RK1 w kq - 0 11,1.0
rnbq1rk1/pp4b1/2pp1npp/2P2p2/1P2p3/2NP1NP1/PB2PPBP/R2Q1RK1 w - - 0 11,0.0
r1bq1rk1/pp3pp1/2nbpn1p/8/2Pp4/1P1P1NP1/P4PBP/RNBQR1K1 w - - 1 11,0.5
r2r2k1/pp2ppbp/nqp2np1/3p1b2/2P5/PP1P1NP1/1BQ1PPBP/RN3RK1 w - - 1 11,1.0
3rkb1r/ppq1pppp/2n1b3/2Pp4/3Pn3/2N2B2/PP1B1PPP/R2QK1NR w KQk - 3 11,0.0
r1bqk2r/pp4pp/2nbpn2/3p4/3P4/3B4/PP1NNPPP/R1BQ1RK1 w kq - 2 11,1.0
r2k3r/pp1b1ppp/2np1n2/8/2B1p3/2N5/PPP2PPP/2KR2NR w - - 0 11,1.0
r2q1rk1/1bpnbppp/p1np4/1p2p3/P3P3/1B1P1N2/1PPN1PPP/R1BQR1K1 w - - 2 11,1.0
r1b2rk1/pp1n1ppp/5n2/q2p4/1b1P1B2/2N5/PPQN1PPP/R3KB1R w KQ - 1 11,1.0
rnbr2k1/pp2ppbp/6p1/q1pP4/4P3/2P1B3/P2Q1PPP/2R1KBNR w K - 3 11,1.0
r1b1k2r/1p2bppp/pq1ppn2/2n3B1/3NP3/1BN5/PPPQ1PPP/2KR3R w kq - 4 11,0.0
r1bqkb1r/3n1pp1/p2p1n2/4p2p/Pp2P3/2N3PP/1PP1NPB1/R1BQK2R w KQkq - 0 11,1.0
r2qkb1r/pp1b1ppp/3p2n1/1N1Pp3/Q1P5/8/PP3PPP/R1B1KB1R w KQkq - 3 11,0.5
r1b1kb1r/pp1n1ppp/2n1p3/3pP3/3N1P2/q1N1B3/P1PQ2PP/1R2KB1R w Kkq - 2 11,0.5
r1b2rk1/1p1nqpp1/p1pbpn1p/3p4/2PP4/1PNBPN2/PBQ2PPP/R4RK1 w - - 2 11,0.5
1r1qk2r/1bQn1ppp/p3pn2/1p6/1b1P1B2/5NP1/PP2PPBP/RN2K2R w KQk - 1 11,0.5
r2q1rk1/1bp1bppp/p2p1n2/np2p3/P3P3/1B1P1N2/1PPN1PPP/R1BQR1K1 w - - 2 11,0.5
r2q1rk1/1b1nppbp/pp1p1np1/2p5/P1BP1B2/2P1PN1P/1P1N1PP1/R2Q1RK1 w - - 0 11,0.0
rnbq1rk1/p4pp1/1p2pn1p/6B1/1bBP4/2N2N2/PP3PPP/R2Q1RK1 w - - 0 11,1.0
r3k1nr/pp1n1pp1/1b2p3/1B1pPb1p/5P2/2P2N2/PP4PP/RNB1K2R w KQkq - 2 11,0.5
r3kb1r/pp4pp/2npbpq1/2p1p3/4P2P/2NPBP2/PPP3P1/R2QKB1R w KQkq - 0 11,0.0
r1bq1rk1/pp2bppp/5n2/2p1N3/3PpB2/2N2Q2/PPP2PPP/R4RK1 w - - 0 11,0.0
r2qk2r/pp1npp1p/2p1b1p1/3nN3/Q2P4/2N5/PP2PPPP/R3KB1R w KQkq - 1 11,0.5
2rqkb1r/pp2pp1p/2n3p1/1B1pPn2/3P4/5b1P/PP1N1PP1/R1BQ1RK1 w k - 0 11,1.0
rnb1k2r/1p1p1ppp/1qp2n2/8/1bP1p3/1QNP2P1/Pp1NPPBP/R1B1K2R w KQkq - 0 11,0.5
r1bqkb1r/1pp1nn2/p2p1pp1/3Pp2p/4P2P/2N1BP2/PPPQN1P1/R3KB1R w KQkq - 1 11,1.0
rnb2rk1/1p2qppp/2p2n2/p3N3/4pP2/PB1P4/1PPQ2PP/RN2K2R w KQ - 0 11,0.5
r2q1rk1/1p1nbppp/p2pbn2/4p3/4P3/1NN1BB2/PPP2PPP/R2Q1RK1 w - - 8 11,0.0
r2qkb1r/1p1n1ppp/p3pnb1/3pN3/Q5PP/2N5/PP1PPPB1/R1B1K2R w KQkq - 0 11,1.0
r1bqr1k1/pppn1ppp/3p1n2/8/2B5/2P2N2/PPP2PPP/R1BQR1K1 w - - 4 11,1.0
r1bqr1k1/ppp1bppn/2n4p/3p4/3P3B/2PB1N2/PP1N1PPP/R2Q1RK1 w - - 4 11,1.0
r1b1kb1r/p1q2ppp/2p1pn2/1p2N3/8/3B4/PPPPQPPP/R1B1K2R w KQkq - 2 11,1.0
r2qk2r/1p2bppp/p1bppn2/6B1/4P3/2N5/PPPQ1PPP/1K1R1B1R w kq - 0 11,0.5
r3kbnr/pp3pp1/1qn1p3/3pP1Bp/2Pp3P/3Q1N2/PP1N1PP1/R3K2R w KQkq - 0 11,1.0
r2qk2r/p2nbppp/bpp1p3/3p4/2PP4/1P4P1/P2BPPBP/RN1Q1RK1 w kq - 0 11,0.5
1r1qkb1r/1p3ppp/p2pbn2/4p1B1/PnN1P3/2N5/1PP2PPP/R2QKB1R w KQk - 1 11,0.0
r4rk1/pp2ppbp/nq3np1/2pp4/3P4/2N1BbP1/PPP1PPBP/R1QR2K1 w - - 0 11,1.0
rnb2rk1/p3qpp1/2p1pn1p/1p6/2p5/P4NP1/PBQPPPBP/R2R2K1 w - - 2 11,1.0
r1b2rk1/pp2ppbp/2n3p1/q1p5/3P4/2P1PNP1/P4PBP/R1BQ1RK1 w - - 1 11,1.0
r2q1rk1/pbpn1ppp/1p2p3/3n4/3P4/2N2NP1/PP1QPPBP/R4RK1 w - - 4 11,1.0
r1bq1rk1/p1p2pp1/5n1p/3p4/1b6/2NB3P/PPP2PP1/R1BQ1RK1 w - - 0 11,1.0
r2q1rk1/1p1bppbp/p1np1np1/8/2PNP3/2N1BP2/PP1QB1PP/R3K2R w KQ - 0 11,0.5
r2q1rk1/2p1bppp/p1n2n2/1p1pp3/3PP1b1/1BP1BN2/PP3PPP/RN1QR1K1 w - - 0 11,0.5
r2qk2r/1p3ppp/p1nbpn2/3p4/3P1B2/2NQPN2/PP3PPP/R4RK1 w kq - 2 11,1.0
r3kb1r/pp1n1pp1/1qp4p/3p1b1n/3P3B/2N1P3/PP1QNPPP/R3KB1R w KQkq - 2 11,1.0
rnbqk2r/1p2bpp1/p2ppn2/7p/3NP3/2N1BP2/PPPQ2PP/R3KB1R w KQkq - 2 11,0.5
rn1q1r1k/pp2p1bp/4bnp1/3p1p2/1P1P4/1QNBPN2/PB3PPP/R3K2R w KQ - 2 11,0.5
r1bq1rk1/1p1nbpp1/p3pn1p/2p5/P1BP3B/2N1PN2/1P3PPP/2RQK2R w K - 0 11,0.5
r3k1nr/ppq2ppp/2n1p3/1BbpP3/8/2N2Q1P/PPPB1PP1/R3K2R w KQkq - 2 11,0.0
1rbq1rk1/p2n1ppp/1p1bpn2/2p5/P7/1Q1P1NP1/1P2PPBP/RNB2RK1 w - - 3 11,0.0
r1bq1rk1/pp2ppbp/2n1n1p1/2p5/8/1QNPBNP1/PP2PPBP/R4RK1 w - - 3 11,0.0
r2qk2r/pp1nbppp/4p3/3n4/3N4/1P2P3/P4PPP/RNBQ1RK1 w kq - 1 11,0.5
r3k2r/1ppqn1pp/p1pbbp2/8/4P3/2Q1BN2/PPPN1PPP/R4RK1 w kq - 6 11,0.5
rn1qk2r/1p1nppbp/p2p2p1/2p5/2PPP3/2N1BBPP/PP3P2/R2QK2R w KQkq - 0 11,0.0
r3kb1r/1pqn1ppp/p1p1pn2/8/3P4/P2BBbNP/1PP2PP1/R2QK2R w KQkq - 0 11,1.0
r1bq1rk1/1p2npb1/2np2p1/p1p1p2p/2P4P/P1NP2P1/1P2PPB1/R1BQKN1R w KQ - 1 11,1.0
r2qk1nr/pp3p2/2np2pb/4p2p/2P1P3/2N2B2/PP3PPP/R1BQ1RK1 w kq - 0 11,1.0
r2qkb1r/3n1pp1/p2pbn2/1p2p2p/4P3/1NN1BP2/PPPQ2PP/2KR1B1R w kq - 0 11,1.0
rnbq1rk1/ppp2ppp/3p2n1/7Q/2P1PP2/P1N5/1P4PP/R1B1KB1R w KQ - 0 11,0.0
r3kb1r/ppq2ppp/2n1pnb1/3p4/3P3N/1QN1PP2/PP1B2PP/R3KB1R w KQkq - 2 11,0.0
r1bq1rk1/1p2ppbp/1n1p1np1/pP6/8/N3PN2/PB1PBPPP/R2Q1RK1 w - - 6 11,0.5
r1bq1rk1/pp1n1p1p/2pb2p1/5p2/2P5/2N1PN2/P2PBPPP/R2Q1RK1 w - - 0 11,1.0
r1bqk2r/pp3ppp/2n5/2bp4/8/P5P1/1P1NPnBP/RNBQ1RK1 w kq - 0 11,1.0
2kr2nr/1ppb1ppp/p1p5/8/1b1NP3/2N1B3/PPP2PPP/R4RK1 w - - 5 11,0.0
r1b2rk1/pp1n1ppp/1qn1p3/2bpP3/5P2/2N1BN2/PPPQ2PP/2KR1B1R w - - 2 11,0.5
r1b1k2r/2q2ppp/p1p1pn2/2bp4/4PP2/2N2B2/PPP3PP/R1BQ1RK1 w kq - 2 11,0.5
r2qk2r/2p1bppp/p1n1b3/1pnpP3/8/1B2BN2/PPPN1PPP/R2Q1RK1 w kq - 5 11,0.5
r1bqrbk1/pp1p1pp1/2n2n1p/2p1p3/4P3/2PP1NP1/PPN1QPBP/R1B2RK1 w - - 2 11,0.0
r2qk2r/1pp2pbp/p1n1b1p1/3n4/B2P4/5N2/PP3PPP/RNBQR1K1 w kq - 2 11,1.0
r1bqr1k1/pp1nbpp1/2p2n1p/4p3/P3P3/2N2N2/BPP2PPP/R1BQR1K1 w - - 0 11,0.5
r1b1kb1r/5ppp/p1p1pn2/3p4/4P3/2N3P1/PPP1BPP1/R1B1K2R w KQkq - 1 11,1.0
r3k2r/p1ppqpbp/b1p3p1/3nP3/2P5/1P4P1/P3QP1P/RNB1KB1R w KQkq - 1 11,0.0
r1bq1rk1/4bppp/p2p1n2/npp1p3/B3P3/2PP1N1P/PP3PP1/RNBQR1K1 w - - 0 11,0.5
r1bq1rk1/4bppp/1pp1pn2/p2p4/1n1P1B2/2N1PN1P/PPP1BPP1/R2QK2R w KQ - 0 11,0.0
r2q1rk1/1p2bppp/p1npbn2/4p3/4P3/1NNQB3/PPP1BPPP/R4RK1 w - - 8 11,0.0
r1bq1rk1/pp1nbppp/2p1pn2/3p4/2PP4/5NP1/PPQ1PPBP/RNB2RK1 w - - 6 11,1.0
r1b2rk1/pp1nqpb1/2pp1npp/4p3/2PPP3/2N1BN2/PPQ1BPPP/3R1RK1 w - - 0 11,0.0
r1bq1rk1/ppp2pp1/2nb3p/1B6/3P4/5N1P/P1P2PP1/R1BQ1RK1 w - - 0 11,1.0
r2q1rk1/pp1n1pp1/4bn1p/2Pp4/1b5B/2NBP3/PPQ2PPP/R3K1NR w KQ - 2 11,1.0
r1bq1b1r/p2pk2p/2p1pp2/3n3Q/4N3/8/PPP2PPP/R1B1KB1R w KQ - 2 11,0.5
r1b2rk1/1pp1qppp/2n1p3/p2n4/2pP4/2N2NP1/PPQ1PPBP/R4RK1 w - - 0 11,0.0
r2q1rk1/1bp1bppp/p1n5/1p1np3/8/1B1P1N1P/PPP2PP1/RNBQR1K1 w - - 0 11,0.5
r1bq1rk1/p1p2pp1/5n1p/3p4/1b6/2NB3P/PPP2PP1/R1BQ1RK1 w - - 0 11,1.0
r1bqrbk1/2pp1ppp/p1p2n2/8/3pP3/2P2N2/PP1N1PPP/R1BQR1K1 w - - 0 11,1.0
r1bqr1k1/pppp1pp1/1b3n1p/1B2n3/4P2B/1NN5/PPP2PPP/R2Q1RK1 w - - 4 11,0.0
1r1q1rk1/1p2ppbp/2np1np1/p1p2b2/2P5/P1NPP1PP/1P2NPB1/1RBQK2R w K - 3 11,0.5
r2qkb1r/pp1b1ppp/4p3/3pPn2/3P4/5N2/PPQB1PPP/R3KB1R w KQkq - 1 11,0.0
rn1qkb1r/p4ppp/1pbp1n2/2p5/8/1QN2NP1/PP2PPBP/R1B1K2R w KQkq - 0 11,0.5
r2q1rk1/1bp2pbp/ppnppnp1/8/P2PP3/1BN1BN1P/1PP2PP1/R2Q1RK1 w - - 2 11,0.0
r1br2k1/pp3ppp/2n1pn2/2b5/2B5/1P2PN2/P2N1PPP/R1BR2K1 w - - 1 11,0.5
rn1q1rk1/p4ppp/bp3n2/2pp4/3P4/P1PBP3/4NPPP/R1BQ1RK1 w - - 2 11,0.5
r1bq1rk1/1p1n1pbp/p2p1np1/2pP4/P3P3/2N2PN1/1P4PP/R1BQKB1R w KQ - 1 11,0.5
r2q1rk1/pb2bppp/2n1p3/1ppn4/8/2PP1NP1/PP1N1PBP/R1BQR1K1 w - - 1 11,0.0
r2q1rk1/pp1nppbp/2p2np1/8/2pPP3/2N2BPP/PP3P2/R1BQ1RK1 w - - 1 11,1.0
rnbr2k1/pp3pbp/2p3p1/3Pp3/4P3/5N2/PP2BPPP/R1B1K2R w KQ - 0 11,0.5
r2q1rk1/1bp1bppp/2n2n2/1p1pp3/4P3/1B3N1P/1PPP1PP1/RNBQR1K1 w - - 0 11,0.0
rnbqr1k1/pp3pp1/2p2n1p/3p4/3P1b2/2NBP3/PPQ1NPPP/R3K2R w KQ - 0 11,0.0
r1b2rk1/ppq2ppp/3p1b2/1Bp1p3/P2nP3/2NP1N2/1PP2PPP/R2QR1K1 w - - 0 11,1.0
r1bq1rk1/pp1nppbp/5np1/8/2BN4/2P2N2/PP3PPP/R1BQ1RK1 w - - 5 11,0.0
r2qkbnr/pp1n1pp1/2p1p2p/7P/3P4/3Q1NN1/PPP2PP1/R1B1K2R w KQkq - 0 11,0.0
r2q1rk1/bpp3pp/p1nppn2/4p3/P3P3/2PP1N2/1PN2PPP/R1BQ1RK1 w - - 0 11,0.0
r1b1k1nr/pp1n2bp/2pB2p1/4pp2/2P5/2N2NP1/PP2PP1P/R3KB1R w KQ - 4 11,0.5
r1b1qrk1/ppp2pbp/n2p2p1/4n1B1/2P1P3/2N2N2/PP2BPPP/R2Q1RK1 w - - 2 11,0.0
r1bqk2r/pp1n1pb1/2p1p2p/3p2p1/2PP4/2NBPNP1/PP3PP1/R2QK2R w KQkq - 1 11,0.5
r3kbnr/pp3ppp/4p3/3pPb2/3n4/2N2N2/PqP1BPPP/R3QRK1 w kq - 0 11,1.0
rn1qr1k1/1p2nppp/p1pb4/3pNb2/3P4/2NBP1B1/PP3PPP/R2QK2R w KQ - 5 11,0.0
r1b2rk1/pp1pqpp1/2n1p1np/1B6/4P3/2N5/PPP2PPP/R1BQR1K1 w - - 0 11,0.5
rn2kb1r/pp3pp1/1qp1p1p1/3p4/2PPn1P1/1Q2P2P/PP3PB1/RNB1K2R w KQkq - 2 11,0.5
r1bq1rk1/pp2bppp/2n1pn2/8/2BP4/P1N2N2/1P3PPP/R1BQ1RK1 w - - 1 11,1.0
rnbr2k1/ppp1bppp/q3p3/3nN3/2pP1B2/6P1/PPQ1PPBP/RN1R2K1 w - - 8 11,0.0
r2q1rk1/pp2ppbp/2np1np1/1B6/3PP3/2N2b2/PP3PPP/R1BQR1K1 w - - 0 11,0.0
r2qk2r/p1pb1ppp/2p5/2bpP1n1/3N4/5P2/PPP3PP/RNBQ1RK1 w kq - 1 11,0.0
r1b1kb1r/p2n1ppp/1pn1p3/q2pP3/N1pP1P2/P1P1BN2/1P4PP/R2QKB1R w KQkq - 0 11,0.0
r2q1rk1/ppp1p1bp/2n3p1/3p4/3P2b1/2P3P1/PP2NPBP/R1BQK2R w KQ - 1 11,0.5
r1bq1rk1/p2nbppp/2p1pn2/1p6/2pP4/2N2NP1/PPQBPPBP/R2R2K1 w - - 0 11,0.5
r2qk2r/1pp1nppp/2n5/p3bb2/2P5/P1N2N2/1P2BPPP/R1BQ1RK1 w kq - 0 11,1.0
r2qk2r/pp1nnppp/2p1pb2/3p4/NP2P3/2P2Q1P/P2PBPP1/R1B2RK1 w kq - 1 11,0.5
r1bqr1k1/1pp2pbp/3p1np1/p1nPp3/2P1P3/2N2N2/PPQ1BPPP/R1B1R1K1 w - - 0 11,0.5
r2qk2r/1bpn1pp1/pp1p1n1p/4p3/4P3/P1PBBP2/1PPN2PP/R2QK2R w KQkq - 0 11,0.5
1r1qk2r/pp2n1bp/2npbpp1/2p1p3/2P5/P1NP1NP1/1P1BPPBP/R2Q1RK1 w k - 2 11,1.0
2kr1b1r/1pp2ppp/p1n5/3p3q/6b1/1P1PPN2/PBP2PPP/RN1Q1K1R w - - 1 11,1.0
r1bq1rk1/ppp3pp/1nn2b2/4pp2/8/1PN2NP1/PB1PPPBP/2RQ1RK1 w - - 2 11,0.0
r1bq1rk1/pp2ppbp/6p1/2pPn3/4P3/2P2N2/P3BPPP/1RBQK2R w K - 1 11,1.0
rn1q1rk1/pp2bppp/2p2n2/3P4/2B3b1/2N2N2/PP1PQPPP/R1B2RK1 w - - 0 11,0.5
rnbqk2r/4bppp/p2p4/3np3/Pp2P3/1N4P1/1PP2PBP/R1BQK2R w KQkq - 0 11,1.0
r1bqk2r/3pnpbp/p3p1p1/1p6/2BpPP2/3P4/PPP1N1PP/R1BQ1RK1 w kq - 0 11,0.5
r1bq1rk1/1p3ppp/2n2n2/p1bp4/8/P1N2NP1/1P2PPBP/R1BQ1RK1 w - - 0 11,1.0
r1bq1rk1/p3ppbp/1pn2np1/8/2BP4/2N1BN2/PP3PPP/R2Q1RK1 w - - 0 11,0.0
r1bq1rk1/ppp1ppb1/5np1/6Np/4P2P/2P5/P2PBPP1/1RBQK2R w K - 4 11,1.0
r1bq1rk1/1pp2pp1/p1np1n1p/4p3/P1B1P3/2PPRN2/1P3PPP/RN1Q2K1 w - - 1 11,0.0
r1b1k2r/p2nbppp/1q2pn2/3p4/1p1P1B2/2NQ1NP1/1PP1PPBP/R4RK1 w kq - 0 11,0.5
r4rk1/ppqnppbp/2pp1np1/P7/3PP3/2N1BB2/1PP2PPP/R2Q1RK1 w - - 1 11,0.5
rnbqr1k1/pp3ppp/3b4/3p4/3Pn3/2NB1N2/PP3PPP/R1BQ1RK1 w - - 2 11,0.5
rn2k1nr/pppq1p1p/1b2p1p1/8/2Qp4/P2P1P1B/1P2PP1P/RNB1K1R1 w Qkq - 1 11,0.0
r1b1k2r/pp3ppp/2p5/3pP3/7q/b1PBB3/P1P2PPP/R2Q1RK1 w kq - 2 11,1.0
r1bq1rk1/1pp1bppp/pnnp4/4P3/2BP4/5N1P/PP3PP1/RNBQ1RK1 w - - 2 11,0.5
r3k2r/1p3ppp/p1n1pn2/q2pNb2/1b1P1B2/1QN1P3/PP2BPPP/R3K2R w KQkq - 4 11,0.5
r2q1rk1/pp2bpp1/2n1bn1p/2pp4/3P4/1PN2NP1/PB2PPBP/R2Q1RK1 w - - 3 11,1.0
rn1q1rk1/1bp1bppp/1p6/p2p4/3Pn3/1PN2NP1/PB2PPBP/R2Q1RK1 w - - 0 11,1.0
r3k1nr/p2qb1pp/1pn1p3/2p2p2/4N1b1/2PPBNP1/PP2BP1P/R2QK2R w KQkq - 0 11,0.0
r3k2r/1ppbnppp/p1pq4/8/3NP3/2N5/PPP2PPP/R2Q1RK1 w kq - 2 11,0.5
r2q1rk1/1bpnbppp/p3pn2/1p4B1/3P4/5NP1/PPQ1PPBP/RN3RK1 w - - 4 11,0.5
rnb1k2r/5ppp/2p1pn2/pP6/2pq4/6P1/1P1NPPBP/RN1Q1RK1 w kq - 0 11,1.0
r3kb1r/1pqb1pp1/p1nppn1p/8/3NP3/2N1B3/PPPQ1PPP/1K1R1B1R w kq - 2 11,1.0
rn1q1rk1/1b1pbppp/p3pn2/8/1pPN4/1P3NP1/P3PPBP/R1BQ1RK1 w - - 1 11,1.0
rn3rk1/pp2ppbp/2pp1np1/q2P4/2P1P3/2N2bPP/PP3PB1/R1BQ1RK1 w - - 0 11,0.0
r1bqk2r/pp2bppp/2n1pn2/2p5/P1BP4/2N1PN2/1P3PPP/R1BQ1RK1 w kq - 4 11,0.5
r1bq1rk1/1p2ppbp/3p1np1/p7/2P1P3/2NQ4/PP2BPPP/R1B2RK1 w - - 0 11,1.0
r2qk2r/pbpn1ppp/1p2pb2/8/3P4/P2BBN2/1PP2PPP/R2Q1RK1 w kq - 2 11,0.5
r3k2r/pbqpbppp/1p2pn2/n7/2pPP3/P1P2N2/1PBNQPPP/R1B2RK1 w kq - 2 11,1.0
r2qr1k1/pbpn1pbp/1p1p1np1/4p3/3PP3/2P2NP1/PPQN1PBP/R1B1R1K1 w - - 4 11,0.0
r1bq1rk1/pp3ppp/2nb4/2pN4/3p4/6P1/PPPP1PBP/R1BQ1RK1 w - - 3 11,0.5
r2qr1k1/1bp1bppp/p1np1n2/1p2p3/3PP3/1BP2N1P/PP3PP1/RNBQR1K1 w - - 1 11,0.5
r1bqk2r/5ppp/p1np1b2/1p1Np3/4P3/N7/PPP2PPP/R2QKB1R w KQkq - 0 11,0.0
r1bqk2r/4bppp/p2ppn2/1p4B1/3QP3/2N2P2/PPP3PP/2KR1B1R w kq - 0 11,0.0
r1bq1rk1/pp2bppp/2n1p3/3n2B1/3N4/2NQ1P2/PPP3PP/2KR1B1R w - - 0 11,1.0
1rbq1rk1/1p2ppbp/p1np1np1/8/P3P3/2N3P1/1PP1NPBP/R1BQ1RK1 w - - 0 11,0.0
r1bqrbk1/pp1n1ppp/2pp1n2/P7/2BNP3/2N5/1PP2PPP/R1BQR1K1 w - - 0 11,0.5
rnb2rk1/pp2ppbp/1n4p1/q1p1P3/2P2P2/2N1B3/PP2B1PP/R2QK1NR w KQ - 1 11,0.0
2kr1bnr/1ppb2pp/p4p2/2p5/4PB2/8/PPP1NPPP/R2NK2R w KQ - 3 11,0.0
r2q1rk1/ppbn1pp1/2p1pn1p/2Pp4/3P2b1/1P3NP1/PB1NPPBP/R2Q1RK1 w - - 1 11,1.0
r1bq1rk1/1p1nbpp1/2p1pn1p/p2p4/P1PP4/2N2NP1/1PQBPPBP/R4RK1 w - - 0 11,0.0
r1bq1rk1/1p1nbpp1/2p1pn1p/p2p4/P1PP4/2N2NP1/1PQBPPBP/R4RK1 w - - 0 11,1.0
r1bq1rk1/1p1nbpp1/2p1pn1p/p2p4/P1PP4/2N2NP1/1PQBPPBP/R4RK1 w - - 0 11,0.5
r1bq1rk1/1p1nbpp1/2p1pn1p/p2p4/P1PP4/2N2NP1/1PQBPPBP/R4RK1 w - - 0 11,0.5
r1bqr1k1/p2nbpp1/2pp1n1p/Pp1Pp3/2B1P3/2N2N2/1PP2PPP/R1BQR1K1 w - b6 0 11,1.0
r1bq1rk1/1p1nbpp1/2p1pn1p/p2p4/P1PP4/2N2NP1/1PQBPPBP/R4RK1 w - - 0 11,0.5
r1bq1rk1/1p1nbpp1/2p1pn1p/p2p4/P1PP4/2N2NP1/1PQBPPBP/R4RK1 w - - 0 11,0.5
r1bq1rk1/1p1nbpp1/2p1pn1p/p2p4/P1PP4/2N2NP1/1PQBPPBP/R4RK1 w - - 0 11,0.0
r1bq1rk1/1p1nbpp1/2p1pn1p/p2p4/P1PP4/2N2NP1/1PQBPPBP/R4RK1 w - - 0 11,0.5
r2qk2r/1p1bbppp/p2ppn2/6B1/3QP3/2N2P2/PPP3PP/2KR1B1R w kq - 1 11,1.0
r2q1rk1/bpp3pp/2nppn2/p3p3/4P3/2PPBN2/PP1N1PPP/R2Q1RK1 w - - 0 11,1.0
r2qk1nr/pp1nbppp/2p5/7b/3PN3/5NPP/PP3PB1/R1BQK2R w KQkq - 1 11,1.0
r1bq1rk1/p2n1ppp/1ppbp3/3pn3/2P5/1PN1PN2/PBQPBP1P/R3K1R1 w Q - 2 11,1.0
r1bqk2r/pp3ppp/1bn2n2/8/3p4/1NN3P1/PP2PPBP/R1BQ1RK1 w kq - 0 11,0.5
r1bqk2r/5ppp/p1np1b2/1p2p3/4P3/2N5/PPP2PPP/RN1QKB1R w KQkq - 0 11,0.5
r2q1rk1/pb1n1ppp/1p1bpn2/2pp4/2PP4/1PNBPN2/PB3PPP/R2Q1RK1 w - - 0 11,1.0
r1bqk2r/2pnppb1/pn1p2p1/1p4Pp/3PPN2/2N1BP2/PPPQ3P/R3KB1R w KQkq - 1 11,1.0
r1b1k2r/ppp2ppp/2n5/3p4/3Pn3/5NP1/PP1bPPBP/R1B2RK1 w kq - 0 11,0.0
r1bqr1k1/1pp1ppbp/1nn3p1/p7/3P4/2N1PNPP/PP3PB1/R1BQ1RK1 w - - 0 11,0.0
r1bqk2r/pp1n3p/2p1pb2/3pNpp1/2PPn3/2N1B1P1/PP2PPBP/R2Q1RK1 w kq - 2 11,1.0
r2q1rk1/pp3ppp/2nb1n2/2pp4/3P4/1PN1Pb2/PB2BPPP/R2Q1RK1 w - - 0 11,1.0
r2qk2r/pp2bppp/1np1pn2/7b/2N5/1P3NPP/PB1PPPB1/R2Q1RK1 w kq - 4 11,0.5
2rq1rk1/pb1nbppp/1pp1pn2/3p4/2PP4/1P3NP1/P1QNPPBP/R1BR2K1 w - - 3 11,0.5
r1bqk2r/1p2bppp/p1n1p3/2pnP3/8/2PP1N2/P4PPP/RNBQRBK1 w kq - 1 11,1.0
r1bqkb1r/1p2pppp/p1n2n2/3p4/3P4/2N2N2/PP1BPPPP/2RQKB1R w Kkq - 4 11,0.5
r1bqkb1r/3n1p1p/p1p1p1p1/3pP3/8/3B2Q1/PPPN1PPP/R1B1K2R w KQkq - 1 11,0.0
r3k2r/pp3ppp/2n2q2/2bp1p2/4nB2/2P1P3/PP1NBPPP/R2QK2R w KQkq - 5 11,1.0
r2qk2r/ppp3bp/2npbpp1/2n1p3/2P1P2P/2NPB1P1/PP2NPB1/R2QK2R w KQkq - 2 11,0.5
r2q1rk1/1bppbppp/p4n2/1p2N3/4P3/1nNP4/PPPB1PPP/R2Q1RK1 w - - 0 11,1.0
r3k2r/ppqbnppp/2n1p3/2ppP3/P1PP4/5N2/2PB1PPP/R2QKB1R w KQkq - 1 11,1.0
r1b2rk1/ppq1bppp/3ppn2/8/3nPP2/2N1B3/PPP1B1PP/R2Q1R1K w - - 0 11,0.5
2r1kbnr/1p3p1p/p1nqp1p1/1Bp5/8/N4Q1P/PPPP1PP1/R1B1R1K1 w k - 0 11,1.0
r2q1rk1/1bp1bppp/p1n5/1p1np3/8/1B1P1N1P/PPP2PP1/RNBQR1K1 w - - 0 11,1.0
r2qr1k1/pb1nbppp/1pp1pn2/3p4/2PP4/1PNBPN2/PBQ2PPP/R4RK1 w - - 6 11,1.0
rn1q1rk1/1p2ppbp/2p3p1/p2p1b2/2PP3N/1P4P1/PB1nPPBP/R2Q1RK1 w - - 0 11,0.5
r1bq1rk1/ppp2p1p/1n1p2p1/4b2n/2P1P3/2N1BP2/PP2BNPP/R2QK2R w KQ - 0 11,1.0
r1bq1rk1/pp1n1p1p/4pbp1/2p5/3P1B1P/2PB1N2/PP3PP1/R2QK2R w KQ - 0 11,1.0
r1bq1rk1/4bppp/p2p1n2/npp1p3/4P3/2PP1N2/PPB2PPP/RNBQR1K1 w - - 0 11,1.0
r3k1nr/pp1q1pbp/2np2p1/8/3pP3/5N2/PP2QPPP/RNBR2K1 w kq - 0 11,1.0
r2q1rk1/pp1n1ppp/2p1pnb1/4N3/PbBP4/2N1P3/1P2QPPP/R1B2RK1 w - - 7 11,0.5
r2qkb1r/pp2pp2/2p2np1/4n2p/4P2P/5BP1/PPP2P2/RNBQ1RK1 w kq - 1 11,0.5
r1bq1rk1/1pp1npbp/3p1np1/3Pp3/1pP1P3/B1N2N2/P3BPPP/R2Q1RK1 w - - 0 11,0.5
r1b1k2r/1pq1bppp/5n2/p1pp4/Pn6/3P1NP1/1PPN1PBP/R1BQR1K1 w kq - 0 11,1.0
r1b2rk1/pp2bppp/2n1pn2/3P4/8/N4NP1/PPqBPPBP/R3K2R w KQ - 0 11,0.0
r1b1k2r/p3qppp/1pnp1n2/2p1p3/2PPP3/P1PB1N2/5PPP/R1BQ1RK1 w kq - 0 11,0.5
r1bq1rk1/pp2nppp/3b4/1B1pn3/3N4/1N6/PPP2PPP/R1BQ1RK1 w - - 5 11,0.0
r2q1rk1/p3bppp/1pn2n2/2pp4/3P2b1/1PN1PN2/PB2BPPP/R2Q1RK1 w - - 2 11,0.5
rn2kb1r/1p3ppp/p1p1pn2/3qN3/3P1QP1/8/PPP2P1P/R1B1KB1R w KQkq - 3 11,0.5
r1bqr1k1/1p1nbpp1/p1p1pn1p/3p4/2PP3B/P1N1PN2/1PQ2PPP/3RKB1R w K - 2 11,1.0
r4rk1/pp1nbppp/1qp2n2/3p1b2/8/2NP1NP1/PPQ1PPBP/R1B2RK1 w - - 7 11,0.5
r1bq1rk1/2p1bppp/p7/1p1nn3/8/1BP5/PP1P1PPP/RNBQR1K1 w - - 0 11,1.0
r1bq1rk1/pp2bppp/2p1pn2/3n4/3P4/2NQBB2/PPP1NPPP/2KR3R w - - 0 11,0.5
rn1q1rk1/p4ppp/bp3n2/2pp4/3P4/P1PBPP2/4N1PP/R1BQK2R w KQ - 2 11,1.0
r1bq1rk1/pp3p1p/2nbp1p1/1B1pN2n/3P4/2P1B3/PP1N1PPP/R2QK2R w KQ - 2 11,0.0
r1bqr1k1/ppp1n1pp/1bn1pp2/3p4/NP1PP3/P2Q4/1BP1NPPP/3RKB1R w K - 0 11,0.0
r1bqk2r/1ppp2bp/5np1/p4pN1/1nP5/B1Np2P1/P3PPBP/R2Q1RK1 w kq - 0 11,0.0
rn1q1rk1/pp1bppbp/6p1/8/3pP3/2P2N2/P3BPPP/R1BQ1RK1 w - - 0 11,0.5
r1bn1rk1/ppp1q1bp/3ppnp1/5p2/1PPP4/1QN1PN2/PB2BPPP/R4RK1 w - - 6 11,1.0
rnbq1rk1/5ppp/p2p1n2/2pP4/Rb2P3/2N2P2/1P1B2PP/3QKBNR w K - 1 11,1.0
rnbqrbk1/p1p2pp1/1p3n1p/3p4/3P4/2PB2N1/PP2NPPP/R1BQ1RK1 w - - 1 11,1.0
r3kb1r/pp1q1ppp/2n1p3/3pP3/3Pn3/5N2/PP2QPPP/RNB2RK1 w kq - 1 11,0.0
1nbq1rk1/5ppp/r1p1pn2/pp2N3/PbpP4/2B3P1/1P2PPBP/RN1Q1RK1 w - - 0 11,0.0
r1b1k2r/1p2bppp/pnpqpn2/4N3/3P1P2/1BN1B3/PPP3PP/R2QK2R w KQkq - 4 11,0.5
r1b1kb1r/pp1npppp/8/1B1pN3/3P4/8/PPP2PPP/R1B1K2R w KQkq - 4 11,1.0
r1bqk2r/pp2bppp/2n2n2/8/2Pp4/5NP1/PP3PBP/RNBQ1RK1 w kq - 0 11,0.5
r2q1rk1/1pp2pp1/2np1n1p/p1b1p3/4P3/1bPP1N1P/PP1N1PP1/R1BQR1K1 w - - 0 11,0.5
r1b1k2r/2pnqppp/1pp5/p3p3/2N1P3/3PPN2/PPP3PP/R2Q1RK1 w kq - 0 11,0.5
r1bq1k1r/pp2nppp/1bn1p3/1N1pP3/1P1p2Q1/P4N2/1BP2PPP/R3KB1R w KQ - 8 11,0.5
r1bqk2r/p2n1pb1/1pp3pp/2p1p3/4P3/2NPBN1P/PPPQ1PP1/R4RK1 w kq - 0 11,0.0
rn3rk1/pp2bpp1/2p1pn1p/2Pp1b2/3P4/1PN2NPP/1P2PPB1/R1B1K2R w KQ - 1 11,0.5
r1b1k2r/1p2bppp/p1n1p3/q1npP3/5P2/2N1BN2/PPP2QPP/R3KB1R w KQkq - 2 11,1.0
r4rk1/pp1nqppp/2pbpn2/3p3b/2P5/1PNPPN1P/PB2BPP1/R2Q1RK1 w - - 1 11,0.0
r2qk2r/pp2ppbp/2n1b1p1/2Pp4/3P1N2/2n1B3/PP3PPP/R2QKB1R w KQkq - 0 11,0.5
r1bq1rk1/ppp2pb1/5npp/4p3/2P1P3/2N1B3/PP2BPPP/R2Q1RK1 w - - 0 11,0.5
rn1q1rk1/pb2bppp/1p1pp3/3nP3/3P4/3B1N2/PP2QPPP/RNB2RK1 w - - 2 11,0.0
r1b2rk1/pp2ppbp/2n3p1/q1p5/3PP3/2P1BN1P/P3BPP1/R2QK2R w KQ - 5 11,0.5
rnb1r1k1/pp3pbp/1qp2np1/3p2B1/2P1P3/1NN2P2/PP2B1PP/R2QK2R w KQ - 0 11,1.0
r2q1rk1/pp3pb1/2npbnpp/2p1p3/2P5/1PNP2P1/PB1NPPBP/R2Q1RK1 w - - 2 11,0.5
r3k2r/pb1n1ppp/1qp1pn2/1p4B1/PbpP4/2N1PN2/1PQ1BPPP/R4RK1 w kq - 5 11,1.0
r1bqr1k1/ppp2ppp/2np1n2/8/4P3/2PB1N2/P1P2PPP/R1BQR1K1 w - - 0 11,0.5
r1q2rk1/pp1nbppp/2p1pn2/3p3b/2PP1B2/1QN2NPP/PP2PPB1/R4RK1 w - - 5 11,0.5
rnb2rk1/1p3ppp/p4n2/2qp4/8/2NBP3/PP2NPPP/R2QK2R w KQ - 0 11,1.0
r1bqkn1r/pp3pbp/2p3p1/2p5/4Pp2/2NP3P/PPP3PN/R1BQ1RK1 w kq - 0 11,1.0
r1b2rk1/pp3ppp/2n1pn2/2b5/8/2P2NP1/P2NPPBP/R1BR2K1 w - - 1 11,1.0
r2q1rk1/pbpn1pp1/1p2pn1p/3p4/2PP3B/P1Q1PP2/1P4PP/R3KBNR w KQ - 1 11,0.5
r1bq1rk1/pppn1pbp/3p2pn/4P3/2PQ1PP1/2N2N1P/PP6/R1B1KB1R w KQ - 1 11,1.0
r2qkb1r/1b1p1ppp/pp2p3/2nnP3/2NN4/1P1B4/P1P2PPP/R1BQ1RK1 w kq - 0 11,0.5
rnb1k2r/1p3ppp/pq2pn2/3P4/6P1/2N1b2P/PPP1NP2/R2QKB1R w KQkq - 0 11,1.0
r1b1k2r/pp1n1ppp/1q3n2/2bp4/8/PQN2N2/1P1BPPPP/R3KB1R w KQkq - 2 11,0.5
r2q1rk1/pbpn1pbp/3ppnp1/8/2PP4/5NP1/PB1NPPBP/R2Q1RK1 w - - 0 11,0.5
r3k2r/1pp1qppp/p1pb1n2/4p3/4P3/1P1P1N2/1PP2PPP/R1BQ1RK1 w kq - 1 11,0.5
r1b4r/1p1nkppp/p3pn2/2b1N3/8/4P3/PP2BPPP/RNB2RK1 w - - 4 11,0.5
r1bqkb2/pp2ppp1/2n2n2/3p3r/8/1P1Q1NP1/PBP1PPB1/RN3RK1 w q - 1 11,0.5
1rbq1rk1/2p1bppp/2np1n2/1p2p3/4P3/1BNPBN2/1PP2PPP/R2QK2R w KQ - 2 11,1.0
r1b1kb1r/pp3ppp/1q2p3/3pP3/1n1P4/4nN2/PP2BPPP/R1BQK2R w KQkq - 0 11,1.0
r1bqk2r/pp1n2pp/2pbp3/5p2/2pP4/3N2P1/PP1BPPBP/R2Q1RK1 w kq - 0 11,1.0
rnb1k2r/1p2nppp/p1p5/3q4/3PN3/3B1N2/PP3PPP/R2QK2R w KQkq - 3 11,0.5
r1bq1rk1/pp2ppbp/2n3p1/3n4/3N4/2N1BP2/PPPQ2PP/2KR1B1R w - - 0 11,0.5
r2q1rk1/pb2ppbp/1pn2np1/3p4/2PP4/1P1B1N2/PB1NQPPP/R3K2R w KQ - 0 11,0.0
r1bq1rk1/2p1bppp/p7/1p1nn3/8/1BP5/PP1P1PPP/RNBQR1K1 w - - 0 11,0.0
r2qk2r/pbn1ppbp/1pn3p1/2p5/8/P1NPB1P1/1P1NPPBP/R2QK2R w KQkq - 2 11,1.0
r1bq1rk1/p3ppbp/1pn3p1/2np4/7B/2P1PN2/PP1NBPPP/R2Q1RK1 w - - 0 11,0.5
rnbqr1k1/pp3pp1/2pb1p2/8/3P3p/2PB4/PPQ1NPPP/R1B2RK1 w - - 0 11,1.0
r2q1rk1/pp1nbppp/4pn2/2p1Nb2/2QP4/4P1P1/PP3PBP/RNB2RK1 w - - 2 11,0.0
r1bq1rk1/bpp2p2/2np1n1p/p3p1p1/2B1P3/2PP1NB1/PP1N1PPP/R2Q1RK1 w - - 2 11,1.0
rn1qkb1r/pp2npp1/2p1p3/3pP1Pp/3P3P/3QBP2/PPP5/RN2K1NR w KQkq - 1 11,1.0
r1bqk2r/4bp1p/p1pppp2/8/4P3/2N5/PPPQ1PPP/2KR1B1R w kq - 0 11,1.0
r2q1rk1/ppp1b1pp/1nn1bp2/4p3/1P6/P1N2NP1/3PPPBP/1RBQ1RK1 w - - 0 11,1.0
rnbqr1k1/1p3pbp/p2p1np1/2pP2B1/P1P5/2N5/1P1QBPPP/R3K1NR w KQ - 1 11,0.0
r2qkb1r/p1p2ppp/5n2/3p4/8/5Q2/PPP2PPP/RNB1K2R w KQkq - 0 11,1.0
r2qkb1r/1b1p1ppp/p1n1p3/8/p2NP3/1P6/1BP2PPP/RN1Q1RK1 w kq - 0 11,1.0
r2qk2r/ppp2ppp/1n2pn2/8/b1pPP3/2P1BN2/P1Q1BPPP/R4RK1 w kq - 1 11,1.0
rn2kb1r/1p2ppp1/p1q1bn2/2p4p/2N5/2N2PP1/PPPPB2P/R1BQK1R1 w Qkq - 1 11,0.0
r1bq1rk1/pp3ppp/4pn2/2b1B3/8/2N2Q2/PPP2PPP/R3KB1R w KQ - 1 11,1.0
r1b2rk1/ppqnbppp/2n1p3/2p5/2Pp1P2/1P1NP1P1/P2P2BP/RNBQ1RK1 w - - 3 11,0.0
r1bq1rk1/pp1nppbp/6p1/3pP3/8/3B1N1P/PPP2PP1/R1BQ1RK1 w - - 0 11,1.0
rnb2rk1/1p2qppp/2p2n2/p3N3/4pP2/PB1P4/1PPQ2PP/RN2K2R w KQ - 0 11,0.5
rnb1k2r/pp2qpbp/2pn2p1/3p4/3P4/4N1P1/PPP1QPBP/RNB2RK1 w kq - 2 11,1.0
rnbqr1k1/1p3pbp/3p1np1/pp2p3/2P5/3P1NP1/PB2PPBP/RN1Q1RK1 w - - 0 11,0.0
rn1r2k1/ppp2pbp/5np1/5b2/4p3/1P4P1/PBPNPPBP/RN3RK1 w - - 2 11,0.5
r1b1kb1r/3p1ppp/p1q1p3/1p1nP3/8/2NBB3/PPP1QPPP/R3K2R w KQkq - 1 11,0.5
r1bqk2r/p3npbp/3p2p1/2p1p3/1PPnP3/2N1BN2/P3BPPP/R2QK2R w KQkq - 1 11,1.0
r1bqk1nr/p3bpp1/2pp3p/2p1p2P/2N1P3/1P1P1N2/P1P2PP1/R1BQK2R w KQkq - 1 11,1.0
r2qr1k1/1pp2ppp/2nb4/p2npb2/8/P2P1NP1/1PPN1PBP/R1BQR1K1 w - - 2 11,1.0
rnbq1rk1/1p2bppp/p3pn2/8/2BN1B2/2P2N2/PP3PPP/R2QK2R w KQ - 0 11,0.5
r2qkb1r/pp1n1ppp/2n1p3/3p3b/3P2PN/2N4P/PP2PPB1/R1BQK2R w KQkq - 1 11,0.5
r1b2rk1/3nppbp/p1pp1np1/qp6/2PPP1P1/2N1BP2/PP1QN2P/2KR1B1R w - - 1 11,0.0
1rbq1rk1/pp2ppbp/3p1np1/8/2P5/2NQ2P1/PP2PPBP/R1B2RK1 w - - 2 11,0.0
r2q1rk1/p4ppp/2pb1n2/8/3P1pb1/2N2N2/PPP3PP/R1BQ1RK1 w - - 0 11,1.0
r1bqk2r/pp3ppp/2n1pn2/2b5/4Q3/5N1P/PPP1BPP1/RNB2RK1 w kq - 4 11,1.0
r3kb1r/ppqb1ppp/4pn2/2p5/8/2N1BQN1/PPP2PPP/R3K2R w KQkq - 1 11,0.0
r1b1k2r/ppp1qppp/2n1p3/2b1P3/2Bp4/8/PPPNQPPP/R1B2RK1 w kq - 4 11,1.0
r1bqk2r/pp3ppp/2n1pn2/3p4/2P5/P3PNB1/1P1b1PPP/R2QKB1R w KQkq - 0 11,0.0
r2qk2r/1b1nppbp/p5pn/1pP1p3/5P2/2NBBN2/PPP1Q1PP/R3K2R w KQkq - 0 11,0.5
2rq1rk1/pb1nbppp/1pp1pn2/3p4/2PP4/1PN2NP1/PBQ1PPBP/R4RK1 w - - 4 11,1.0
rn1q1rk1/4ppbp/3p1np1/2pP4/4P3/2N2NP1/PP3P1P/R1BQ1K1R w - - 1 11,1.0
r1bqkb1r/ppp2ppp/4n3/nP2P3/2Bp4/5N2/P4PPP/RNBQR1K1 w kq - 1 11,0.0
r1b2rk1/pp2bppp/2nqpn2/8/3P4/2N1BN2/PP1QBPPP/R3K2R w KQ - 6 11,0.5
r3kb1r/pp3ppp/4pn2/n2pNb2/8/2N3P1/PP1PPPBP/R1B2RK1 w kq - 0 11,1.0
r1bqr1k1/pp3ppp/2nb1n2/3p4/3N4/1P2P3/PB2BPPP/RN1Q1RK1 w - - 3 11,0.5
r1bq1rk1/2p2pbp/p1np1np1/1p6/3PP3/P4N1P/1PB2PP1/RNBQK2R w KQ - 1 11,0.5
r2qkb1r/3b1ppp/p2ppn2/np6/3NP3/1BN1B3/PPP1QPPP/2KR3R w kq - 2 11,0.5
r1bq1rk1/1p3pp1/p1n1pn1p/2b5/3pPB2/3B1N2/PPP1NPPP/R2Q1RK1 w - - 2 11,1.0
r2q1rk1/1p1nbppp/p2pbn2/4p3/4P3/1NN1BB2/PPP2PPP/R2Q1RK1 w - - 8 11,1.0
r3kb1r/pp2pppp/2n1q3/2pn4/P7/2P2N2/1P1P1PPP/RNBQ1RK1 w kq - 1 11,0.0
r2qr1k1/bpp2ppp/2npbn2/p3p3/P1B1P3/N1PP1N1P/1P3PP1/R1BQR1K1 w - - 3 11,1.0
r1bqk2r/1pp2pp1/2np1n1p/pN2p3/2B1P3/2PPbN2/PP3PPP/R2QR1K1 w kq - 0 11,1.0
r2qk2r/ppp2pb1/2n1pnp1/3pNb2/2PP4/1P4p1/PB1NPPBP/R2Q1RK1 w kq - 0 11,0.0
r1bqk2r/ppp1bppp/8/8/2Pnn3/6P1/PP1P1PBP/RNBQR1K1 w kq - 2 11,1.0
r1b2rk1/p1q1ppbp/2p2np1/8/2p5/6P1/PP2PPBP/RNBQ1RK1 w - - 0 11,0.5
r1bq1rk1/3nbpp1/1pp1pn1p/p1Pp4/1P1P1B2/P1N1PN1P/5PP1/R2QKB1R w KQ - 0 11,0.0
r2q1rk1/pp1nbpp1/2p1pnp1/3p4/2PP4/1P2PN2/P1QN1PPP/R1B2RK1 w - - 0 11,0.5
r1b1k2r/1pppqppp/2n5/4P3/1bP2Bn1/2N1PN2/PpQ1BPPP/R3K2R w KQkq - 0 11,1.0
rn1qk2r/1p2nppp/p1p5/3p4/3P1P2/2N2B2/PP3PPP/R2QK2R w KQkq - 1 11,0.0
r1bq1rk1/p3bppp/1pn1pn2/8/2BP4/P1NQ1N2/1P3PPP/R1B2RK1 w - - 0 11,1.0
r2qkb1r/ppp1n2p/2n3b1/3pp1N1/6P1/2N5/PPP2P1P/R1BQKB1R w KQkq - 1 11,1.0
1r1q1rk1/pppb1pp1/2np1n1p/1B2p3/3PP3/2P2N2/P1P2PPP/1RBQR1K1 w - - 3 11,0.0
r1bq1rk1/p1n1bppp/2n1p3/1pppP3/8/3P1NP1/PPP2PBP/R1BQRNK1 w - - 3 11,1.0
r1bk3r/pp1n1ppp/2p1p3/4P3/5B2/2b5/PPP2PPP/2KR1B1R w - - 0 11,1.0
r1b1k2r/pp3ppp/2n1pn2/2P5/1bp5/2N2NP1/PP2PPBP/R1BqR1K1 w kq - 2 11,1.0
r1bq1rk1/1p1nppbp/2p3p1/p2p4/2PP4/2n1BNPP/PP2PPB1/R1Q2RK1 w - - 0 11,1.0
r3kb1r/ppq2ppp/2n1pnb1/3p4/3P3N/1QN1PP2/PP1B2PP/R3KB1R w KQkq - 2 11,1.0
r1bq1rk1/4npbp/1pn1p1p1/p1ppP3/5B2/2PP1NP1/PP3PBP/RN1QR1K1 w - - 0 11,0.5
r1b1k2r/p1pnqpbp/1p3np1/4p3/4P3/1P3NP1/P1P1QPBP/RNBR2K1 w kq - 0 11,1.0
r2qkb1r/1b3ppp/p1n1pn2/1p6/3p4/P1N1PN2/BP2QPPP/R1B2RK1 w kq - 0 11,0.5
r2qkb1r/pb3ppp/2p1pn2/1p2N3/8/3B4/PPPPQPPP/R1B1K2R w KQkq - 2 11,0.0
rn3rk1/pp2bpp1/2p1pn1p/2Pp1b2/3P4/1PN2NP1/1P2PPBP/R1B2RK1 w - - 1 11,0.5
r2qkbnr/1p3ppp/p1n1p1b1/4P3/3p1PP1/2N3N1/PPP2Q1P/R1B1KB1R w KQkq - 0 11,1.0
2rqk2r/pp1nbppp/2n1p3/1B1p1b2/3P1B2/2N1PN2/PP3PPP/2RQ1RK1 w k - 6 11,0.5
r3kb1r/p4ppp/2p1bn2/4p3/8/4N3/PPP2PPP/R1B1KB1R w KQkq - 2 11,0.5
r1b1k2r/1pp1n1pp/p1pb1q2/4N3/3Q4/8/PPPN1PPP/R1B2RK1 w kq - 3 11,0.0
rn3rk1/pp2bppp/2p1pn2/2Pp4/3PbB2/1PN2NPP/1P2PP2/R3KB1R w KQ - 1 11,0.5
r1bq1rk1/1p2bppp/p1n1pn2/8/P1BP4/2N2N2/1P1Q1PPP/R1B2RK1 w - - 3 11,0.5
r1bqr1k1/1pp2pp1/pbnp1n1p/4p3/1PB1P3/2PP1N1P/P2N1PP1/R1BQR1K1 w - - 0 11,0.5
r2qkb1r/pp3ppp/2n2n2/2p1p3/3pP3/3P1QPP/PPP2PB1/RNB2RK1 w kq - 2 11,0.0
r1b2rk1/ppqn1ppp/4pn2/2p5/3P4/P1P1PN2/4BPPP/R1BQK2R w KQ - 4 11,1.0
r1bq1rk1/ppp2ppp/2np1n2/8/2P1P3/4NP2/PP4PP/RN1QKB1R w KQ - 0 11,1.0
r1bqk2r/4bppp/p1p2n2/3p4/8/2PB4/PP3PPP/RNBQR1K1 w kq - 0 11,1.0
r3k2r/2pqbppp/p1n1b3/1p1pP3/4n3/1BP1BN2/PP3PPP/RN1Q1RK1 w kq - 3 11,1.0
r3kb1r/1bpnqp1p/pp1pp1p1/8/P1NPn3/4PNB1/1PP1BPPP/R2Q1RK1 w kq - 4 11,0.0
r2q1rk1/p1pnbppp/1pb1pn2/8/P2P4/3B1N2/1PPN1PPP/R1BQR1K1 w - - 1 11,1.0
rn1qk2r/1bp1bp1p/p3p3/1p3p2/3P4/2N2NP1/PPP2PBP/R2QK2R w KQkq - 2 11,0.5
r1bq1rk1/3nbppp/p4n2/1ppp4/3P4/1PN1PNP1/PB3PBP/R2QK2R w KQ - 0 11,1.0
r1bq1rk1/1pp2pb1/3p1npp/p1nPp3/2P1P2B/2N5/PP1NBPPP/R2QK2R w KQ - 2 11,1.0
r2q1rk1/ppp2ppp/2n1p3/3n4/3P4/PQb1PP2/1P1B1P1P/R3KB1R w KQ - 0 11,1.0
r1bqr1k1/pp1nbpp1/2pp1n1p/8/P1BpP3/2N1BN1P/1PP2PP1/R2QR1K1 w - - 0 11,0.5
r1b1kb1r/1pq2pp1/p1p2n2/4p2p/4P3/2N3Q1/PPP1BPPP/R1B2RK1 w kq - 0 11,1.0
r1b1kb1r/1p1q1ppp/p1n1p3/1B1n4/3N4/2P1BN2/PP3PPP/R2QK2R w KQkq - 0 11,0.0
r1b1k2r/ppp2p1p/5p2/4p3/1b6/1PNP1q2/1PP2PPP/R3K1NR w KQkq - 0 11,1.0
r3kb1r/1p2nppp/p7/2pp1b2/1n6/1PN2NP1/PBPP1P1P/2KR1B1R w kq - 4 11,1.0
r2q1rk1/ppp2ppp/5n2/3Pp3/1b6/2N2QPP/PPPP1P2/R1B2RK1 w - - 3 11,0.5
r3k2r/ppqb1ppp/2nbpn2/3p4/3P4/1QPB1N1P/PP3PP1/RNB1R1K1 w kq - 2 11,0.0
r1bq1rk1/1p1n1pbp/p2p1np1/2pP4/P3P3/2N5/1P1NBPPP/R1BQK2R w KQ - 3 11,0.5
r1bq1rk1/ppn2pbp/3p1np1/2pP4/4P3/2N5/PP1NBPPP/R1BQ1RK1 w - - 5 11,0.0
rnbqr1k1/pp3p1p/3p1npb/2pP4/2P5/2NBBN1P/PP3PP1/R2QK2R w KQ - 3 11,0.5
rn2kb1r/1bqn1ppp/p2pp3/1p4P1/3NPP2/P1N2Q2/1PP4P/R1B1KB1R w KQkq - 1 11,0.5
r1bq1rk1/pp3ppp/2n2b2/2pp4/3Pn3/1PN2NP1/PB2PPBP/R2Q1RK1 w - - 5 11,1.0
r1bq1rk1/pp2nppp/2nb4/1B1p4/8/2P1BN2/PP3PPP/RN1QR1K1 w - - 2 11,1.0
r2qkb1r/1b1n1ppp/p3pn2/2p5/Pp1P4/1Q3NP1/1P2PPBP/RNB2RK1 w kq - 0 11,0.5
rnbqrbk1/pp3pp1/2p2n1p/3p4/3P4/2NBP1BP/PP3PP1/R2QK1NR w KQ - 1 11,0.0
rnbq1rk1/pp2bppp/2p1p3/8/3PNP2/4n3/PPPQ2PP/2KR1BNR w - - 0 11,1.0
rn1qkb1r/1b3ppp/pn1pp3/1p4P1/3NP3/P1N1BP2/1PP4P/R2QKB1R w KQkq - 3 11,0.5
r2q1rk1/pp2bppp/2npbn2/2p1p3/P3P3/N1PP1N2/BP3PPP/R1BQR1K1 w - - 3 11,1.0
r1b1k2r/pp1n1ppp/8/q1pp4/3PnB2/PQb1PN2/1P3PPP/2R1KB1R w Kkq - 0 11,0.0
r2q1rk1/pbpnppbp/3p1np1/8/2PP1B2/2NB1N2/PP3PPP/R2QR1K1 w - - 2 11,0.5
r2qkbnr/3n1ppp/2p1p1b1/1p1pP3/3P4/1QP1BN2/P3BPPP/RN3RK1 w kq - 0 11,0.5
r1b1r1k1/1pqnbppp/2pp1n2/p3p3/P2PP3/2NBBN1P/1PP2PP1/R2QR1K1 w - - 2 11,0.0
r2q1rk1/ppp2pbp/2npb1p1/3N1n2/2PN4/4B1P1/PP2PPBP/R2Q1RK1 w - - 5 11,1.0
